Seat,Labour,Conservative,Reform,Restore,LibDem,Green,Oth,SNP,Plaid
Aberafan Maesteg,26.678461687519007,6.838420244870479,26.245323969171682,6.1398722283172,1.79231,4.6082643573337005,0.618112,0.0,27.079235512787946
Aberdeen North,15.926693150671433,8.353866889072822,17.32262416337244,3.193076405041913,6.708290745072822,10.58132566459108,1.5,36.41412298217749,0.0
Aberdeen South,15.977199366267817,21.836022318390896,10.632196058618518,2.2089190798927536,5.780566423067587,12.134846824186024,0.54852,30.881729929576395,0.0
Aberdeenshire North and Moray East,4.763742960073274,20.827080935161376,24.814577427675935,4.764581188862933,7.23397243312689,4.979964733810322,0.0,32.61608032128927,0.0
Airdrie and Shotts,26.109676108234126,5.802751120928593,22.150197868861817,4.897025624483064,3.003681167330523,6.5596085807287725,0.9952799999999999,30.481779529433105,0.0
Aldershot,32.63154425534565,29.277008118137225,22.09192433565687,4.105940650697736,5.045284816337576,6.465078623824952,0.2832192,0.0,0.0
Aldridge-Brownhills,19.899484702275295,32.15987077370041,33.44673695993929,5.402377412347349,3.179014677333196,5.91251547440446,0.0,0.0,0.0
Alloa and Grangemouth,20.917709727451275,4.690831880080075,22.84531742213426,4.646054423335022,3.262500140024386,8.283982025791726,1.45152,33.802084381183256,0.0
Altrincham and Sale West,32.66408678626902,36.18281275104729,13.27897426412386,2.4700282853532047,5.850133228013065,8.877388685193562,0.576576,0.0,0.0
Alyn and Deeside,20.059633660515882,16.96202883355917,25.39961960521967,6.333277536885171,3.143946,7.7958274672092776,1.0132992,0.0,19.292367696610842
Amber Valley,28.666399797236156,16.017160202021174,39.07907054532852,6.987028445250036,2.4969629107759737,6.7533780993881365,0.0,0.0,0.0
Angus and Perthshire Glens,8.044693811306125,18.87057613216355,17.620660470449707,3.293952427428359,6.954290696733699,4.827853162639824,0.75,39.63797329927874,0.0
Arbroath and Broughty Ferry,15.128251585894306,8.078490731227246,20.091468642754748,3.580390315477969,5.948176713227245,5.658966586425615,1.05,40.464255424992864,0.0
"Argyll, Bute and South Lochaber",9.70332756614614,10.78895236990184,17.451282539989577,3.0965161387625453,16.80804920247711,4.899181343278802,1.05,36.10269083944398,0.0
Arundel and South Downs,14.020722996989566,36.83597934989012,19.574838380435327,3.553529704562917,14.049662768508492,11.773116479613575,0.1921503199999999,0.0,0.0
Ashfield,29.06523426762525,6.579058594451913,45.05133817019893,7.7270214799491646,1.4541714971983146,4.795839692754932,5.327336297821501,0.0,0.0
Ashford,27.50620467488588,24.312586569922995,28.411151642463032,4.781727133784434,3.3073906625665876,10.520798947225076,1.160140369152,0.0,0.0
Ashton-under-Lyne,38.818979728404805,10.973779978881446,28.914364435492228,5.442644982933482,2.8776121625751485,9.044298711712893,3.9283200000000003,0.0,0.0
Aylesbury,25.267049596854775,25.96941421999951,22.703805107415622,3.450612020779234,15.256265321549112,6.758980453401742,0.5938732800000001,0.0,0.0
"Ayr, Carrick and Cumnock",17.750353309745066,10.744952874793555,23.024368197432114,3.709791779350901,2.883344102790378,6.900834128599722,0.41472,34.57163560728826,0.0
Banbury,30.472754639093328,25.567014713816473,24.56027956567752,4.167917281560049,5.536640344880763,8.390075054971879,1.2053184000000001,0.0,0.0
Bangor Aberconwy,17.155129132026243,20.04217862262838,15.488610411139161,4.54493778927103,2.4870266875,5.439102064164695,0.375232,0.0,33.24035143623629
Barking,42.93707237549752,11.80321234406176,13.838206451980945,1.6928922054507958,3.8288894318408566,17.253727191168135,8.646,0.0,0.0
Barnsley North,39.71199512086761,6.062544529179,37.40018716449484,7.12067333114093,2.983150480198261,6.443276727367366,0.278172646752,0.0,0.0
Barnsley South,37.13672270544351,6.94450702573779,38.83462510633796,7.609893497459906,2.5046167844474447,6.579601200637393,0.29003367993600004,0.0,0.0
Barrow and Furness,31.450244623833225,16.144981602383844,36.05091938464941,5.691527507518494,2.954355024003748,7.516830036305677,0.19114182130559992,0.0,0.0
Basildon and Billericay,21.617062015988747,25.535166201683612,36.675843095006634,4.898683030404195,3.838377924301679,6.633366932615145,0.7015008,0.0,0.0
Basingstoke,33.904034719245054,23.1091336257124,24.678489095533436,3.916198032064199,4.410400656004187,9.403900671440764,0.5778432,0.0,0.0
Bassetlaw,30.349292444607457,16.14468214279589,36.60608614445199,6.245866509597756,3.077318730033891,7.476754028513017,0.0,0.0,0.0
Bath,14.121708598163602,14.756432602513108,13.758435060883798,2.4823737278541143,38.02386433068169,16.048883034957896,0.808302644945796,0.0,0.0
Bathgate and Linlithgow,24.259198338858955,5.974559362573499,20.6653308948016,4.08302250159612,5.385147239381823,8.372763323204191,0.5147999999999999,30.74517833958382,0.0
Battersea,42.80087736162681,24.06874074859021,5.846551626001679,1.3447076254081134,9.931643336511527,14.225479301861656,1.7820000000000005,0.0,0.0
Beaconsfield,10.750085073046844,35.4067972418779,21.00828046105147,2.814819728259678,22.666417495764097,6.219456,1.134144,0.0,0.0
Beckenham and Penge,42.66453532885723,24.91835192595325,14.273494071533918,2.084207882914239,6.1245518411418125,9.934858949599565,0.0,0.0,0.0
Bedford,37.09608128720723,17.565828132435904,20.9362931907527,3.171643750874513,8.504059091819101,8.76609454691056,3.96,0.0,0.0
Bermondsey and Old Southwark,38.99446230211541,10.83906621141806,7.720095589346091,1.2799044106539026,17.71991694702065,21.79655453944588,1.65,0.0,0.0
"Berwickshire, Roxburgh and Selkirk",6.658341177917409,33.39455722703895,15.350021614144536,3.3773551932064136,6.924118394142562,7.73215022184727,0.1721279999999995,26.39132817170286,0.0
Bethnal Green and Stepney,41.69061719315864,5.883926463484352,3.143836993946485,0.8738692046003906,5.7048414844438335,20.46090866036628,22.242000000000004,0.0,0.0
Beverley and Holderness,28.154285881113886,27.49818248959044,29.805638969891177,5.05382357391677,4.398905939519712,4.903737844121621,0.18542530184639994,0.0,0.0
Bexhill and Battle,25.374819958433488,28.970057116592645,26.566242960447234,4.339117319818063,4.306411248244234,7.813190488497598,2.630160907966741,0.0,0.0
Bexleyheath and Crayford,29.914427902673282,26.483566785243276,29.5286148344557,3.597458756611279,3.563412955998989,6.912518765017483,0.0,0.0,0.0
Bicester and Woodstock,9.394808279768686,21.685427351757138,22.131258367886417,3.5812178073382546,35.819822161576546,7.047222831672959,0.34024319999999997,0.0,0.0
Birkenhead,40.44424701377758,3.7741449668978686,26.5977046539672,4.095542516,4.025024830662526,20.666280018694827,0.397056,0.0,0.0
Birmingham Edgbaston,40.73306059642013,22.415994100442987,11.9003850746433,2.311872357242668,5.742795080031844,11.021892791219065,5.8740000000000006,0.0,0.0
Birmingham Erdington,40.39918219515152,14.665495087152635,25.022593685636064,4.185729206335157,2.9235194574062087,9.428504368318391,3.374976,0.0,0.0
Birmingham Hall Green and Moseley,42.80002129418444,9.694604160886588,4.642688380119384,1.2674143874612949,5.996999926558966,12.69274098986426,22.805530860925078,0.0,0.0
Birmingham Hodge Hill and Solihull North,35.068766485924634,13.8736415672559,18.62734724718316,3.419052500528661,2.826396340344398,8.628795858763239,17.556,0.0,0.0
Birmingham Ladywood,45.52929486808494,6.1,3.153814598474194,0.8461854015258061,1.892232152553176,20.56647297936189,21.912000000000003,0.0,0.0
Birmingham Northfield,32.90605850918692,20.605736854709534,28.244851549522167,4.87561223996132,3.3899672129213703,9.128116033698678,0.8496576000000001,0.0,0.0
Birmingham Perry Barr,44.505640717728085,11.208402057993789,5.396257777296485,1.1037422227035063,3.3307898742496214,8.820684675362415,25.634482674666092,0.0,0.0
Birmingham Selly Oak,35.74987350607741,15.804938348701816,16.35062907668177,3.1116814298537547,5.415877763629526,18.582999875055734,4.884,0.0,0.0
Birmingham Yardley,37.98094975019815,11.98774572386914,11.772370639763608,2.6715344827779406,8.468156693272388,7.781242710118766,19.338,0.0,0.0
Bishop Auckland,30.151190624327146,18.07332425661769,34.50275694589596,6.329455007584896,2.845169913622472,7.857730463123028,0.14037278882879994,0.0,0.0
Blackburn,33.095613411980565,7.48673950392226,13.434534467849277,2.9470365620255783,1.5089039312386607,10.385725196036793,31.141446926946866,0.0,0.0
Blackley and Middleton South,44.63352597116806,10.618308776811398,22.54138412750504,3.9865681099424246,5.05539764551772,13.164815369055352,0.0,0.0,0.0
Blackpool North and Fleetwood,32.02353212109825,14.04936150197039,41.201609264925,5.935418418454263,2.2429607886605387,4.204872669659563,0.24224523523199998,0.0,0.0
Blackpool South,37.70492520835686,10.32525659129071,37.655663178101335,6.5417026569806,2.225023695741992,4.922804669528491,0.6246240000000001,0.0,0.0
Blaenau Gwent and Rhymney,19.76180820359488,9.551070498686501,27.47822016358946,2.670684893985725,2.89527,6.806438733039533,2.675070965911639,0.0,28.06143654119226
Blaydon and Consett,35.97992645247562,11.402610757722824,33.69661965915106,6.0142407329240894,4.305627331903182,8.356831065823233,0.144144,0.0,0.0
Blyth and Ashington,35.740109219486854,8.977251975927857,37.32765841720112,6.73446973897144,2.6556202161189932,8.564890432293735,0.0,0.0,0.0
Bognor Regis and Littlehampton,19.891647255862004,21.260428039985776,39.52351063872913,5.444524210447007,7.205746719739316,6.232454808420758,0.441688326816,0.0,0.0
Bolsover,29.547284627289255,13.867898683596778,37.393086560561585,6.628495708052169,3.0992276785892745,9.364006741910943,0.0,0.0,0.0
Bolton North East,33.48552320516532,21.568887528585687,23.71384847228831,4.7283584954058,2.4641279103630858,11.727881588191803,2.3113728,0.0,0.0
Bolton South and Walkden,38.978699813899865,11.52908191240591,23.015616693901777,4.366961279835955,3.483017025981816,9.51862327397468,9.108,0.0,0.0
Bolton West,32.89874770743199,25.46110648226097,23.94411613647142,4.415817150905481,2.898175873542763,10.141268649387364,0.240768,0.0,0.0
Bootle,45.01999079686967,4.179128797799696,32.2979821555437,4.052736887567282,2.846990868445009,11.03609497364664,0.467075520128,0.0,0.0
Boston and Skegness,16.592524849688232,21.6101267247832,46.18308792012729,7.315714998131993,2.910542005872803,4.736467209396485,0.651536292,0.0,0.0
Bournemouth East,36.04521730909173,14.014015933037573,32.12080967223332,3.6951909638895217,4.865853749484284,8.011635925847573,1.247276446416,0.0,0.0
Bournemouth West,30.089165782998624,25.55160870304136,25.076259737138802,4.051509366707728,6.521261672191723,8.292969137921752,0.4172256000000001,0.0,0.0
Bracknell,28.269288090510916,28.409992349438426,25.644224657063305,3.833398917421791,6.484218555330765,6.563501430234801,0.695376,0.0,0.0
Bradford East,41.37759555357376,9.956877799444854,12.397204331797964,2.8387505635842887,4.45723085870692,10.822340892892209,18.15,0.0,0.0
Bradford South,37.19775253498228,12.682855217198558,25.146371197595453,4.863554846411256,2.2059855374880075,11.078024666324445,6.825456,0.0,0.0
Bradford West,43.73316526236648,7.773976021725076,6.779180195902905,1.5041832470229308,1.6838881347602839,11.50477060251348,27.02083653570885,0.0,0.0
Braintree,21.688020541578357,30.753437374756494,31.0243569588983,5.253492537071381,3.8443931531409,7.082204700189758,0.3540947343648,0.0,0.0
"Brecon, Radnor and Cwm Tawe",7.479568741223591,11.845643140219549,16.04991482168703,4.737721982769743,29.364527523793484,4.875154363036538,0.21344232,0.0,11.627341134967512
Brent East,48.92048771102583,17.93944753825754,4.64924223121484,0.9113102305276144,7.190504096324726,13.921008192649452,6.468000000000001,0.0,0.0
Brent West,39.59948740943995,35.736509412029726,3.8242765181919323,0.5478702018224251,5.002531491238037,12.07010896727793,3.2192160000000003,0.0,0.0
Brentford and Isleworth,40.9892519644978,24.175899335462955,8.101363229923793,1.3899798011917397,8.128644927530488,12.42886074139323,4.686,0.0,0.0
Brentwood and Ongar,15.615078324471298,39.66705597184762,27.303740197182186,3.502609841089972,8.217413113165026,5.459670552243893,0.23443200000000003,0.0,0.0
Bridgend,19.68277009355299,15.01151427975921,24.830665648734758,5.545299645459169,2.2924606250000004,5.998493269787073,2.2425984,0.0,24.396198037706803
Bridgwater,18.419760839210007,19.805932615954593,39.64981866357152,6.2358668874174175,9.618652756200966,5.951621582557495,0.3183466550880001,0.0,0.0
Bridlington and The Wolds,20.973839893394036,26.273936080051907,36.47727297620781,6.227132953185099,4.781274056355823,5.008979118421328,0.2575649223839999,0.0,0.0
Brigg and Immingham,21.31962015405989,32.21188077989858,32.41948453517695,6.316062389172135,2.254574473430772,5.478377668261674,0.0,0.0,0.0
Brighton Kemptown and Peacehaven,37.096995765592325,7.586901462291436,23.239564668887162,3.167335556348455,6.247044823312757,21.262723323567855,1.2994344000000004,0.0,0.0
Brighton Pavilion,22.93652271418259,3.0139176,10.857186935634816,1.916851536,3.324085370839459,57.159435843343125,0.792,0.0,0.0
Bristol Central,27.86618501006041,3.1674401,4.699011113879193,0.958158386,3.5695750769463093,59.40963031311409,0.33,0.0,0.0
Bristol East,35.11279870060416,3.974549622289041,19.371841912441763,3.384907180659748,3.9634446866169633,33.13297629738832,0.9594816000000002,0.0,0.0
Bristol North East,37.93482556101647,9.433151383191976,23.230275926121934,3.8290019399680784,3.7371602250185414,20.05487856468301,1.7807064000000001,0.0,0.0
Bristol North West,36.87634515805286,10.907547993083464,21.514248050819702,3.215919667099481,7.712035019914895,19.4439041110296,0.33,0.0,0.0
Bristol South,33.65356042988449,2.8735267025511906,27.774558383819542,4.5360419833677605,4.1859279773420734,26.794330123034925,0.1820544,0.0,0.0
Broadland and Fakenham,21.636412465390162,32.22752523129352,25.90811750791697,4.971114519279871,7.322071705993135,7.934758570126351,0.0,0.0,0.0
Bromley and Biggin Hill,27.936076165546407,29.8143597656655,26.46496137788071,2.432962371115756,5.759349962754012,7.399573557037608,0.0927168,0.0,0.0
Bromsgrove,25.136860664390426,29.766954165285796,27.288555792702276,4.275861772038389,8.419495668586055,4.710773053329863,0.40149888366720005,0.0,0.0
Broxbourne,23.323287613574752,30.220190473224136,30.26894141674971,4.026585263682874,4.362164243799603,7.490267788968927,0.30856320000000004,0.0,0.0
Broxtowe,33.91598950505947,17.328980931944702,27.5724915953695,4.526606724973249,5.214953222741918,10.348005280749566,1.0929727391616,0.0,0.0
Buckingham and Bletchley,31.38049560309298,34.072468065105916,17.29052398422665,3.7218995923457063,5.547085141283356,7.411271613945389,0.476256,0.0,0.0
Burnley,27.490488836030966,16.814031934789732,27.367098053518337,5.075666215667265,11.002564862083329,11.464056337910373,0.68609376,0.0,0.0
Burton and Uttoxeter,30.0185803806199,25.71831567566378,28.73303942570259,5.366774923638331,2.31000889606148,5.767152698313933,2.086128,0.0,0.0
Bury North,38.2743148204523,22.06505133854358,25.2818217307591,4.215405390679015,2.093552379207665,5.072899940358348,2.9969544,0.0,0.0
Bury South,35.46532852894026,28.17763394946014,16.586004674280854,3.858947114810124,3.710586417796356,10.237339314712251,1.9641600000000001,0.0,0.0
Bury St Edmunds and Stowmarket,26.940634085836944,23.571512259991557,27.276813210128857,4.7646736769461215,3.67034237200459,12.727783648150492,0.94824074694144,0.0,0.0
Caerfyrddin,11.16904952983148,18.79747075560462,15.14165060450238,4.882529244395378,2.72,5.151674026079494,0.44,0.0,41.69762583958664
Caerphilly,18.451712396027776,10.251985075636266,21.684044182080108,6.0819168764639855,3.239945,5.621213604217605,0.0,0.0,34.669182865574264
"Caithness, Sutherland and Easter Ross",4.5038317112245645,2.017872069910398,18.06352833199186,3.8214162795569,46.63982109718639,8.21777581482561,0.0,16.73575469530428,0.0
Calder Valley,33.67418100921005,23.18630700410948,25.428727728853048,4.411525011471531,3.9503825181255556,8.771033528230335,0.5778432,0.0,0.0
Camborne and Redruth,32.81616453896963,15.11975097623767,32.808365072289185,5.429885163211101,5.685821529900116,7.929473463664298,0.110539255728,0.0,0.0
Cambridge,37.99912207087663,9.696580102604399,10.22800075252376,0.9489275664414848,12.448848545076391,26.422904962477343,2.255616,0.0,0.0
Cannock Chase,28.332881570692933,18.996100160463687,38.365929928202085,6.663410791755512,1.6862622016074842,5.955415347278288,0.0,0.0,0.0
Canterbury,34.68606758935073,24.403473032978148,18.210665462022842,3.268731825004064,5.271732386267471,13.867556904376741,0.29177280000000005,0.0,0.0
Cardiff East,18.736657589073815,6.8112278847816565,13.031439653123114,3.605088277074524,13.150066490815892,21.87019739709308,0.10759636313116708,0.0,18.650523015651984
Cardiff North,20.613424114597482,21.181322509839166,14.031132137997265,3.377509728550561,4.05131621875,11.178452481528723,0.0,0.0,23.92519144194102
Cardiff South and Penarth,20.051023651910665,10.799371866866538,9.80859281775628,3.0071738826579564,4.374695,32.75207047304577,0.0,0.0,16.13829142482921
Cardiff West,19.599081841883375,14.617246061680481,15.000609150973135,3.788983181486408,2.9642049999999998,9.970464269642196,0.8736000000000002,0.0,33.18581049433441
Carlisle,31.52999833029964,14.1510479344281,37.144950790992624,5.97351958154481,4.264515627661515,6.533473338769298,0.40249439630399997,0.0,0.0
Carshalton and Wallington,8.251300144672086,26.24032053693572,16.393584408357693,2.8158901708605244,38.50771907848714,6.868664060686823,0.9225216,0.0,0.0
Castle Point,15.372411223013813,26.6610959995259,43.43338035800506,5.847999191487438,2.399358329986356,6.285754897981442,0.0,0.0,0.0
Central Ayrshire,21.162554353432878,8.037686008727928,22.200829309193487,3.9687752791977937,2.9456716540050056,6.974386575115175,0.41472,34.29537682032774,0.0
Central Devon,22.88738224934833,33.37814760656619,21.557757469021876,4.358290639822468,9.96510027195776,7.674613467342264,0.17870829594109974,0.0,0.0
Central Suffolk and North Ipswich,18.115753615357928,29.22373155417777,26.48914671403859,4.813021570238314,7.025596541121025,13.736912565066365,0.59583744,0.0,0.0
Ceredigion Preseli,5.976730082584632,11.548296976837548,9.71677560810547,3.9017030231624528,12.75,6.28008374249674,0.2,0.0,49.52641056681316
Chatham and Aylesford,28.93046089961066,18.470377585799472,35.15127031077285,5.159924822961615,3.725524776151285,7.609929604704112,0.952512,0.0,0.0
Cheadle,9.139562606290893,21.991510011158095,16.379261885658266,2.6935678664037352,42.89137834364223,5.830767286846764,1.0739520000000002,0.0,0.0
Chelmsford,7.576375691869709,19.44783687997797,28.276013420973793,3.494981603611606,34.60308610140294,5.94402950216398,0.6576768,0.0,0.0
Chelsea and Fulham,36.33386089316643,42.12075237648832,5.013484801491998,1.2484319712456171,5.539271298689162,9.119574658918486,0.6246240000000001,0.0,0.0
Cheltenham,3.9859771274412803,13.815387493177113,25.510650233100666,2.425364530369484,43.508436709213875,9.900284313513579,0.853899593184,0.0,0.0
Chesham and Amersham,4.209378018903966,32.72605356664434,17.168706898159385,2.4373006151484877,37.18816445431706,5.658233246826758,0.6121632000000001,0.0,0.0
Chester North and Neston,37.90856111661437,16.074129553868477,26.19789059579181,3.9662330409210464,3.556419193850984,12.196766498953297,0.0,0.0,0.0
Chester South and Eddisbury,25.43415769764335,39.56600524130175,18.3004017424053,3.4663396670606743,6.6829321112089435,6.116870168258376,0.33329337212160004,0.0,0.0
Chesterfield,36.584057355337386,8.457499631848934,36.417691064625316,5.741638096781628,4.168620830759438,8.173408312567291,0.45708470808,0.0,0.0
Chichester,3.862116942508223,19.496708533975912,23.65601492597559,4.200114128772597,41.688453785997645,6.861948482770036,0.2346432,0.0,0.0
Chingford and Woodford Green,37.32470346023702,32.43760041223704,11.94404211007129,1.9791560667754933,2.267899397605741,5.390660101622267,8.555938451451144,0.0,0.0
Chippenham,5.329312141105683,16.38913987115186,28.014401778155598,4.14149533376243,38.93993578233661,6.687187376700628,0.3985277167872,0.0,0.0
Chipping Barnet,36.60471501400855,38.96975544785125,8.703116799052003,1.592569613488207,3.6575340456883345,9.843781079911656,0.5285280000000001,0.0,0.0
Chorley,11.02273834092517,4.990933625378751,28.404767416794183,0.0,0.0,18.40375826301073,37.17780235389117,0.0,0.0
Christchurch,13.6425317893193,24.640856001982332,36.91254534744072,4.654515665894326,13.198574914670218,5.76457361462519,1.086402666067903,0.0,0.0
Cities of London and Westminster,35.989960658401145,37.6813334475387,3.66103945351106,0.7925845735011058,6.048537512506198,14.144864354541799,1.68168,0.0,0.0
City of Durham,31.573100721768537,11.418708759468599,23.46347209563653,4.339300310869589,8.65297361545806,20.367433296798684,0.18501120000000001,0.0,0.0
Clacton,13.623724184827411,18.72427613320169,51.43279901904185,7.084349171728809,3.6456682535385454,5.182669205661673,0.306514032,0.0,0.0
Clapham and Brixton Hill,48.424488415277786,10.648322879695328,6.053469738903926,1.3390857080842402,13.620907318364122,19.0217259396746,0.792,0.0,0.0
Clwyd East,18.447956676906138,29.38426827712516,17.2354389254752,5.031694945744804,2.42044725,5.428042042442016,0.3659136,0.0,20.990645290710624
Clwyd North,16.897840289421193,21.96941647825828,17.599506210602854,5.438180424317137,2.48251,5.489338483318021,0.0,0.0,19.431005016657924
Coatbridge and Bellshill,25.389250448750584,5.321002633215571,21.211904406178185,4.91527242793223,2.7132236451937883,9.517727887329809,0.54912,30.382498551399838,0.0
Colchester,35.530166179101954,16.969431027828985,26.765986128227645,3.824126526102003,9.175745612934843,7.637286925804563,0.0972576,0.0,0.0
Colne Valley,33.12704196437883,24.332131273407015,26.12903266150168,4.226353177685812,2.891104418107903,8.712800504918759,0.481536,0.0,0.0
Congleton,32.222201799630305,27.439002781559825,26.042718679814477,4.275186286237973,3.4508008625442077,5.300889353076794,1.2692002371364124,0.0,0.0
Corby and East Northamptonshire,31.81104912967654,19.720007975656486,31.50255797152319,5.2686432415873625,3.1400488717675925,8.253641846361642,0.3040509634272,0.0,0.0
Coventry East,42.58447754544665,17.039318336786835,19.224977826581487,3.8099505998502297,3.748008646772656,10.359267044562126,3.2340000000000004,0.0,0.0
Coventry North West,38.29940234791681,19.858863213419188,21.730319705247187,4.21957642112939,4.456747146665146,10.643091165622277,0.792,0.0,0.0
Coventry South,40.378237505628285,24.174689351498195,12.882405916996838,2.4298717684742845,4.5713566308088,13.67742282659359,1.886016,0.0,0.0
Cowdenbeath and Kirkcaldy,22.56374085566478,5.010805346203513,21.013786707599213,4.113993347168259,4.18025345979042,8.55999116058601,1.0713599999999999,33.48606912298781,0.0
Cramlington and Killingworth,37.60520652565816,14.92846637072668,31.645374582589415,5.361767146756042,3.3460886432412837,6.782532825972415,0.330563905056,0.0,0.0
Crawley,33.50458901740559,30.048557326155002,18.955468064910352,4.088044997226362,3.1771196707423943,7.316310523560294,2.8099104000000006,0.0,0.0
Crewe and Nantwich,35.494896122747676,13.061099190872813,34.56756472947006,5.513392622366912,3.36698352994701,7.287922382707527,0.608141421888,0.0,0.0
Croydon East,37.16980416280854,28.0935184847386,14.061527395238913,2.3172711587472508,5.978508255000286,12.379370543466415,0.0,0.0,0.0
Croydon South,26.53020740180923,45.578405013183875,10.049490986505806,1.8547558053724549,6.501425946240961,8.56488284688767,0.9208320000000001,0.0,0.0
Croydon West,47.49250857973151,18.630079824210565,5.231264426725774,1.1228878461846787,9.690721515481949,15.324537807665516,2.508,0.0,0.0
Cumbernauld and Kirkintilloch,22.239849981434528,4.4806303301155195,19.67420585153016,4.135668882960768,3.6690446704859925,9.601197050518046,0.0,36.199403232954985,0.0
Dagenham and Rainham,37.332180305325906,15.280696475724467,27.627011700314004,2.949596526435288,2.7618819857325305,13.11565700646781,0.932976,0.0,0.0
Darlington,31.210493892581194,13.697420091122641,39.0755246620017,5.242160683567504,2.890756944247796,7.883643726479159,0.0,0.0,0.0
Dartford,29.15550419406234,26.264182142224403,28.1919567935107,3.606208265183707,3.515441170201171,9.266707434817688,0.0,0.0,0.0
Daventry,19.721280990687404,39.9252546812551,20.28953375035777,4.6182886975111614,8.261578330947302,7.184063549241263,0.0,0.0,0.0
Derby North,37.30736674503827,20.63310488693861,24.614770819803688,4.400277989202599,3.3244898834743832,9.71998967554244,0.0,0.0,0.0
Derby South,40.507978015513324,13.10136889670267,24.19732050295453,3.94879467718438,3.770522637500579,7.17811127014451,7.295904,0.0,0.0
Derbyshire Dales,27.117642073785856,32.92711811924487,22.815760322881285,4.386985552937228,5.891320448338224,6.682575644105348,0.1785978387072,0.0,0.0
Dewsbury and Batley,30.891815740440368,9.891928157537325,15.538981677623049,3.4390205652106145,2.43812386334114,10.188868583533086,27.61126141231442,0.0,0.0
Didcot and Wantage,8.430100526034435,21.404156877024015,23.09070654462527,3.5285844243471627,36.18268580836812,7.036937019601002,0.2268288,0.0,0.0
Doncaster Central,37.848112776229335,11.203999551929964,33.75048998960186,5.514122051302746,2.43191915518885,7.3294364757472446,1.92192,0.0,0.0
Doncaster East and the Isle of Axholme,27.93351340448229,22.957620445657152,33.5795995278669,5.954397574290943,2.1063939875708497,7.279662260131868,0.1888128,0.0,0.0
Doncaster North,37.16860838708384,7.426456967252134,39.66426159482675,2.655385290504016,3.0368302181476925,8.720133658025567,1.32832388416,0.0,0.0
Dorking and Horley,5.1017391683445,23.188991373888957,24.734765222062975,3.256232203930966,36.66832855078318,7.049943480989415,0.0,0.0,0.0
Dover and Deal,32.992043985215844,16.034718989878645,33.08969835618783,5.653026316785397,3.5642859458147944,7.797767887650077,0.7684585184674096,0.0,0.0
Droitwich and Evesham,14.68024156626275,30.9848415652299,33.08263133380077,4.928078804505237,6.9617321522571345,9.079994577944214,0.28248,0.0,0.0
Dudley,29.842937891936597,17.79857700780991,37.44948326552403,5.861693557372495,2.2604385358743144,4.643717741482669,2.143152,0.0,0.0
Dulwich and West Norwood,48.36296728295815,10.166488866806894,7.497211735150299,1.3397552684836245,8.751924146841066,23.41965269975996,0.4619999999999999,0.0,0.0
Dumfries and Galloway,10.255191800487985,22.14979618254853,20.291180842431782,3.822809995761247,4.4408424153184,6.993917822312722,0.19319999999999998,31.85306094113934,0.0
"Dumfriesshire, Clydesdale and Tweeddale",9.271529897660585,26.80963847970773,19.044494904951687,3.6298203098001607,5.829619743296003,7.2956300558506015,0.19319999999999998,27.926066608733247,0.0
Dundee Central,19.871102455399612,3.1868812350195403,16.223507862776827,3.291441711331765,6.98796811301954,12.229613781474397,2.3258610306283543,35.88362381034996,0.0
Dunfermline and Dollar,24.02922435282352,5.767920487437474,18.710684496170504,3.675751102376976,6.838778093536597,9.536079574053739,0.5184,30.923161893601193,0.0
Dunstable and Leighton Buzzard,27.594206406779776,22.331973432670107,30.715800354034553,4.280547579960563,8.679046263962285,6.304019562592725,0.0944064,0.0,0.0
Dwyfor Meirionnydd,7.105197933672112,11.0528,11.441553769151309,4.1572,2.89,5.60548143403509,0.2799999999999999,0.0,57.3677668631415
Ealing Central and Acton,42.61987559610395,19.66563285454953,5.796786812597484,1.152991393452632,11.57174006159624,15.76097328170015,3.4320000000000004,0.0,0.0
Ealing North,44.56477846032623,20.07707006002281,9.068943070800524,1.216245262195202,6.2175359994048565,12.915427147250371,5.94,0.0,0.0
Ealing Southall,45.56101134973575,16.424498470065753,4.697051927920825,1.0837779710791753,6.624493081582244,15.873167199616253,9.636,0.0,0.0
Earley and Woodley,33.120991128048225,31.232357751161143,11.793246176853742,2.512695344064376,8.050271015247962,12.473622584624561,0.8168160000000001,0.0,0.0
Easington,35.368397461351826,10.02489099705591,37.59663005463746,6.97642,2.3219808999045575,7.365282529202894,0.3463980578473411,0.0,0.0
East Grinstead and Uckfield,17.58120991231515,26.05899671933511,21.47527920047575,2.398207590726901,16.624134522943336,12.43746893827312,3.424703115930624,0.0,0.0
East Ham,52.354782620792975,11.270585169453549,2.4679711545520666,0.5217053254479337,3.2224247712692944,16.730530958484177,13.332,0.0,0.0
East Hampshire,6.306557607616472,22.9199810243291,30.655458631681302,3.572005444615728,30.135815184381972,6.056454308303424,0.253727799072,0.0,0.0
East Kilbride and Strathaven,24.096301246784737,5.932615245491363,19.432205296877928,3.639222753852434,3.0293371943201777,9.099943051750154,0.44928,34.32109521092319,0.0
East Renfrewshire,22.889503843161727,13.58628746413557,13.66631274342791,1.9001737437511128,2.950639293269934,9.247922457368915,0.9396,34.81956045488484,0.0
East Surrey,16.639716916388956,34.015494993817235,25.822161682576635,3.263402063166925,11.643103591153718,7.781362860928529,0.8347578919679999,0.0,0.0
East Thanet,33.07245854558966,10.24239413300471,36.01444670563598,5.227873412806948,2.4188634030391327,11.853041531507566,1.070922268416,0.0,0.0
East Wiltshire,20.539182459759136,32.15538791709707,25.77302617930749,4.206211787936842,11.003383218789471,6.014245237109985,0.30856320000000004,0.0,0.0
East Worthing and Shoreham,35.96651880839942,16.18041598662305,29.99837389490893,4.271111923529116,4.363427988959736,8.51727850932374,0.702872888256,0.0,0.0
Eastbourne,3.7724478400201598,13.648808667586568,28.37774783054967,4.221722618367148,42.33158826756513,7.471860775911321,0.175824,0.0,0.0
Eastleigh,9.05395177972027,11.812398329102919,35.55433322783341,3.9853274313734968,32.17533769910352,6.853691532866368,0.56496,0.0,0.0
Edinburgh East and Musselburgh,23.256168645566362,4.387244734322943,12.138654611051724,2.051472753664279,3.851878808312792,22.781444297600967,0.26688,31.266256149480938,0.0
Edinburgh North and Leith,27.213175182437357,4.849376680183128,10.46637911669331,1.8550172173153148,6.609908213058328,17.64102458951723,0.5112,30.853919000795326,0.0
Edinburgh South,30.50656515048555,8.2111695167996,10.9411539575259,1.335334011,5.525414827693354,19.33684187004209,0.93096,23.112560666453508,0.0
Edinburgh South West,24.931098350510112,8.464308904463131,11.677506525947798,1.8479539672107907,5.585673134272964,19.532343675148837,0.3336,27.62751544244637,0.0
Edinburgh West,9.38319280739502,4.439318673019876,10.651822425338102,1.5696933262283226,48.44427507429429,9.9529541268702,0.0,15.558743566854192,0.0
Edmonton and Winchmore Hill,45.780600487099385,20.115765925488034,7.916941287534634,1.44917411319741,7.015996284631459,13.299521902049078,4.422000000000001,0.0,0.0
Ellesmere Port and Bromborough,40.615423587438706,6.464614733521737,33.58403975045042,5.529970698433376,4.497454120534672,8.813873109621076,0.294624,0.0,0.0
Eltham and Chislehurst,38.00788658954614,24.47308714043604,20.593642491715762,2.75491564736793,4.037723679593222,9.050136451340911,0.982608,0.0,0.0
Ely and East Cambridgeshire,10.874902150976792,25.31148118266191,24.15555741349846,3.852534040480791,29.363062915571884,6.079161624337825,0.36330067247232,0.0,0.0
Enfield North,44.23068067033194,20.324362751907405,11.408453041765124,2.053719159324944,6.217940049838979,12.430844326831611,3.2340000000000004,0.0,0.0
Epping Forest,30.27864772547995,30.392901715272725,19.364127132995698,2.0346942030829265,7.485815538711907,7.862459560918126,2.581354123538674,0.0,0.0
Epsom and Ewell,9.154654070313514,26.4832106273729,21.430743860851027,2.5337728894449683,33.94970077626244,5.461402575755136,0.9865152000000001,0.0,0.0
Erewash,31.48634020383601,13.376886121083187,37.009028634051006,6.054561235604804,3.747985375174066,8.103574339562917,0.221624090688,0.0,0.0
Erith and Thamesmead,47.34848081962663,14.148027637665535,15.022802472424242,2.149368567156084,5.749050458036201,13.436270045091316,2.0460000000000003,0.0,0.0
Esher and Walton,3.5607121950148866,24.402450446390766,17.90948357251895,2.234535630842123,45.64023025030977,6.013931904923492,0.238656,0.0,0.0
Exeter,34.25509784547436,10.625760245148149,21.777496936267088,3.4763706159069563,6.449073107831038,22.570242849372406,0.7459584,0.0,0.0
Exmouth and Exeter East,23.29628545092829,20.080180904444667,31.243731807864002,4.210967218548772,14.62373908793322,6.177807348818654,0.36728818146239994,0.0,0.0
Falkirk,20.530047989446015,4.9494813070726815,21.38864060954374,4.208798408721387,3.0683969412384546,9.073924534782815,0.9676799999999999,35.8130302091949,0.0
Fareham and Waterlooville,15.512075136828901,25.343013999493653,35.615995800186106,4.742328890992903,12.590211065238085,5.829870696812352,0.366504410448,0.0,0.0
Farnham and Bordon,7.932137472855556,23.7496068030786,28.564199273054335,3.1715532789048213,30.098357181608034,5.9592115904986525,0.4249344,0.0,0.0
Faversham and Mid Kent,21.35038343158857,28.638293153445858,28.980754490057574,4.892626321045508,5.648649784417158,10.283584019445332,0.2057088,0.0,0.0
Feltham and Heston,39.34320743787925,21.492960161665536,13.698545931534529,1.7072895718362435,5.168799076847731,10.009197820236716,8.58,0.0,0.0
Filton and Bradley Stoke,36.21968537947612,22.084196831002966,21.234460766597465,3.416234330862111,4.771045954931125,12.17437673713022,0.0,0.0,0.0
Finchley and Golders Green,36.584676676878416,42.063505661395155,3.7185503055289413,1.1911082907463373,5.036961338366952,10.348141727084199,1.0570560000000002,0.0,0.0
Folkestone and Hythe,28.40982948959588,20.370833009888344,32.234378961745875,5.461791900027563,2.7112734387356303,10.12040927414431,0.5914839258624,0.0,0.0
Forest of Dean,25.599601888928134,27.255269783134434,28.06022986242085,5.042437663734657,3.4660045993770123,10.383739402404913,0.0927168,0.0,0.0
Frome and East Somerset,7.623167100253645,12.791853669372053,28.978450203917166,4.6754217056233225,32.37231491605867,12.634000297644251,0.9247921071308799,0.0,0.0
Fylde,30.371977450321854,27.99488328934327,27.052232245780353,4.315718285271799,2.754052212100758,5.08873809960795,2.4223984175740116,0.0,0.0
Gainsborough,20.748594504120778,33.176063591393195,28.308398911435326,5.429118454425841,6.722554934361394,5.309560804263472,0.2057088,0.0,0.0
Gateshead Central and Whickham,36.9828185946785,8.243735745700288,29.514013919411695,5.342063960358528,8.110289602281327,11.168726177569665,0.638352,0.0,0.0
Gedling,37.66422047426929,15.869407851480158,29.43024168084154,4.53866934997385,3.660068721330852,8.591871922104321,0.24552000000000002,0.0,0.0
Gillingham and Rainham,31.907577108624977,17.457048929325644,33.96326957385385,4.781409047447969,3.8812526066321755,7.295058734115372,0.7143839999999999,0.0,0.0
Glasgow East,25.32507915033028,5.012599508421692,15.235973771861405,3.298007965932027,2.7558492005542976,16.333232613815017,0.44304,31.596217789085284,0.0
Glasgow North,25.83944920908041,5.431407030402072,7.039831607190868,0.978784638,2.899445358071013,31.443384072878164,0.5107200000000001,25.85697808437748,0.0
Glasgow North East,25.23321364504873,3.4873378729895674,16.683106004236993,3.500398105545337,2.1516412069736255,16.227940157020274,0.914652,31.80171100818547,0.0
Glasgow South,23.206233314812202,3.058934453385225,14.108627116378958,2.8996001606543302,3.1313641540261004,18.42815094736218,0.74976,34.417329853381005,0.0
Glasgow South West,24.26955563409205,4.387027389746057,14.175240864206827,2.811048506072942,2.9650286369970003,16.765274822825244,0.5112,34.11562414605987,0.0
Glasgow West,26.17990189840304,3.9256298389824744,14.108129240870786,2.6760537101596227,3.3572988837036117,17.711777128830406,0.27264,31.768569299050068,0.0
Glastonbury and Somerton,3.724247182997152,28.47648408831514,20.730813714773557,4.6836206744614,34.35725467965492,7.927579659797842,0.0,0.0,0.0
Glenrothes and Mid Fife,21.20752950182087,4.055763658723505,24.511621524375585,5.457493801293941,4.607150449285541,5.697315132651547,0.0,34.463125931849014,0.0
Gloucester,32.06557956016454,14.407745711151515,33.52052469982332,4.644846721878919,6.739397915863184,6.716881391118527,1.905024,0.0,0.0
Godalming and Ash,3.378312653152501,26.823787095515335,28.883024618703082,2.8569775868555767,33.24175556248431,4.603675283289208,0.2124672,0.0,0.0
Goole and Pocklington,22.550746335220925,33.003392781529335,28.113369051678106,5.023628873758029,4.359623325610414,6.62248565444639,0.3267539777568,0.0,0.0
Gordon and Buchan,4.8253644581474955,28.91156702619514,14.52232396987499,3.273526365159632,15.320090705982576,4.555192216953777,0.0,28.5919352576864,0.0
Gorton and Denton,46.830326234432135,7.753821146125787,15.89165846040865,3.317349353747314,4.003488852645855,15.405355952640258,6.798000000000001,0.0,0.0
Gosport,18.635010686595415,24.521312150408814,39.137405193834724,5.195577721606469,6.2532820500970665,5.959885674273513,0.29752652318399997,0.0,0.0
Gower,20.972633914575688,20.14089515657855,20.21312728576753,4.960243981864807,3.32570734375,7.255406913708647,0.16071168,0.0,22.971273723754773
Grantham and Bourne,22.259721493472824,28.215156353416155,31.98280750316392,5.3112257373186855,2.9600878471273258,7.186788197065873,2.084212868435218,0.0,0.0
Gravesham,31.805395289868127,29.341801122328167,24.199573483727573,4.396498964667923,2.776253313016999,7.4804778263912235,0.0,0.0,0.0
Great Grimsby and Cleethorpes,32.78284363442643,10.99348963903363,41.92663196944884,7.574480366354717,2.0226765392109147,4.2674458515254745,0.43243200000000004,0.0,0.0
Great Yarmouth,24.40565628816901,16.036723038609573,44.00678420875136,7.2874971722046755,2.3014503909520405,5.544728351441333,0.417160549872,0.0,0.0
Greenwich and Woolwich,48.10416357730717,13.548908533630811,8.013291314274483,1.5184191546828694,9.179906996488535,17.985310423616117,1.65,0.0,0.0
Guildford,4.859718490237623,33.6852165214266,11.802368774373571,2.3292348556897378,38.808421165923335,8.13256019234914,0.28248,0.0,0.0
Hackney North and Stoke Newington,43.747436235137805,16.491017179560366,5.272713185255068,0.9674713185255068,5.495599223811223,26.27576285771003,1.65,0.0,0.0
Hackney South and Shoreditch,49.45931102364321,8.146605258051926,3.850803878,0.980363422,6.782356450423785,28.668559967881063,2.112,0.0,0.0
Halesowen,31.427260385618435,23.0571733636479,29.384131136865896,5.268037018875498,3.865315067369914,6.998083027622349,0.0,0.0,0.0
Halifax,33.7549010807636,15.415278207436213,26.25838797511262,4.723594131944029,3.904212861573033,11.226632143170509,4.7169936,0.0,0.0
Hamble Valley,10.802063520059026,25.80316395634703,33.255635194257884,3.868187317674981,19.87572655649948,6.128269855161589,0.1669536,0.0,0.0
Hamilton and Clyde Valley,25.038321912441795,7.754319117878625,21.2941129181155,4.016961187204236,4.151953618996351,5.881021060198176,0.10368,31.659630185165316,0.0
Hammersmith and Chiswick,45.03868434341138,21.068880443270896,6.0661034639291,1.3061083934475952,9.1641666652068,15.244056690734222,2.112,0.0,0.0
Hampstead and Highgate,42.17387346879395,26.910641882196312,3.73670341370614,1.0105992383241642,9.01170531893801,16.21346867804142,0.943008,0.0,0.0
"Harborough, Oadby and Wigston",25.596786237941835,37.75866039936192,16.549750238192342,3.417331117328783,6.204147062493425,10.2587457446817,0.2145792,0.0,0.0
Harlow,29.832915822485823,27.838008557219077,28.323815763849932,4.857454240179084,2.1822449618508966,6.6801270544151965,0.1854336,0.0,0.0
Harpenden and Berkhamsted,4.831884148308382,24.461514301362527,17.383561182809036,2.309208763934103,44.617829180217726,6.157346423368239,0.238656,0.0,0.0
Harrogate and Knaresborough,5.879014443235077,14.028792756989848,29.781079260377634,3.582463710993375,39.91900375452883,6.412871144643236,0.39677492923199986,0.0,0.0
Harrow East,27.795976781254485,53.079084239112106,4.557552936716417,0.8033628241714738,3.403469156477681,6.466554062267836,3.894000000000001,0.0,0.0
Harrow West,40.34249552408594,35.50517704377261,4.299769075819029,0.7944916972700133,4.28771220852949,9.725314450522914,5.04504,0.0,0.0
Hartlepool,36.23792113229775,10.992285000391593,38.21278363794041,6.452035825305812,1.2507811208491937,6.123009770255235,0.6311835129600001,0.0,0.0
Harwich and North Essex,23.003624005098448,35.236111193741934,23.627021095144023,4.913106985305107,4.778471481526665,8.441665239183818,0.0,0.0,0.0
Hastings and Rye,34.29902708920122,11.448559036347937,31.424161343252212,4.6461352322890415,3.905759828985678,13.603685469923914,0.672672,0.0,0.0
Havant,20.80447936470506,22.860067072244146,37.17203871245134,5.69526062705634,5.118217033940726,8.08012918960238,0.26980800000000005,0.0,0.0
Hayes and Harlington,48.42737017366351,22.14701080522724,9.576264183710489,1.4567250110622778,4.431897250333046,10.528732576003444,3.4320000000000004,0.0,0.0
Hazel Grove,13.73200069438593,11.12999415567783,30.70677565099984,4.255809888088372,34.20435112250547,5.764581448342559,0.10648704,0.0,0.0
Hemel Hempstead,31.983421357814045,14.999512918708362,34.26292798660278,3.961259647380898,7.4486049478915834,7.344273141602321,0.0,0.0,0.0
Hendon,37.52505077416767,40.64201729688819,5.681599490727064,1.1827484231225875,3.721347114423317,9.037028900671187,2.2102079999999997,0.0,0.0
Henley and Thame,4.6389573384700835,32.24254512365436,16.18663073146039,2.9739858565674844,37.299212127646165,6.20814881774392,0.4505200044576,0.0,0.0
Hereford and South Herefordshire,20.63146791751626,21.969308239207077,35.685452187422,5.220074799043559,7.642248349508359,8.581640507302737,0.26980800000000005,0.0,0.0
Herne Bay and Sandwich,20.476672946033297,27.186557033752457,34.74046607336276,5.269516755797749,3.7391630785084056,8.487624112545328,0.0,0.0,0.0
Hertford and Stortford,30.93035872690263,29.201154471318127,21.86955671431562,3.494538665649079,4.688184503723044,9.480190918091502,0.236016,0.0,0.0
Hertsmere,21.450589151042,46.66361735638091,13.215115503575358,2.6943062197619225,6.906161114931743,8.244210654308079,0.7260000000000001,0.0,0.0
Hexham,37.08842540252569,21.731143927400833,26.60111672733425,2.988943619219788,3.887339827373202,6.116825030013922,1.5862054661323057,0.0,0.0
Heywood and Middleton North,37.53602581914365,15.513329089218484,28.354303783656004,5.294101609862618,4.247161176166908,3.9422231718883216,5.112855350064001,0.0,0.0
High Peak,33.880429001432354,18.278386676676003,32.291887717654795,4.709034766858728,2.901254034714199,7.939007802663924,0.0,0.0,0.0
Hinckley and Bosworth,12.301982556210845,25.60216476215961,35.4752708167901,5.13251382756858,16.058128040681634,5.1039559965892325,0.22598400000000002,0.0,0.0
Hitchin,33.611025560940725,30.844711403225244,17.97028824830358,3.309209629912265,5.846263803034994,8.275624554583196,0.14287680000000003,0.0,0.0
Holborn and St Pancras,42.06907609230576,9.906150901714255,5.097996743187986,1.1256735098120134,6.334962910231483,22.3536423447485,13.012497498,0.0,0.0
Honiton and Sidmouth,4.27045688276065,24.019364088465053,23.968781207401396,4.323124610978159,37.617142507403756,5.597608562190992,0.2035221408,0.0,0.0
Hornchurch and Upminster,19.906436031186125,27.923002807381632,36.82441249256762,3.712556534859074,3.7870410825673844,7.414858251438167,0.4316928,0.0,0.0
Hornsey and Friern Barnet,43.50691048400133,16.58123532930079,7.57444885523231,1.077151288492737,12.018281980127332,17.887972062845506,1.254,0.0,0.0
Horsham,6.702254087784922,21.032186818746847,28.600102854402728,3.2497025460810467,34.01924905539291,5.903247037591538,0.4932576000000001,0.0,0.0
Houghton and Sunderland South,34.35557814348825,9.33604355632531,37.54395413633968,6.831945545307911,3.793129369233136,8.139349249305706,0.0,0.0,0.0
Hove and Portslade,41.07155469679645,10.644254005018164,18.65060222357296,2.61544008842844,5.803896622237131,17.29004790394687,3.924204459999995,0.0,0.0
Huddersfield,31.926549074453003,13.542384502493931,18.668799060264504,3.540142807769772,2.88594597579187,29.336178579226917,0.0,0.0,0.0
Huntingdon,27.248429646713305,29.918403097985703,25.151164035194316,4.0476998917229325,5.53999914682319,7.20669241352856,0.887611768032,0.0,0.0
Hyndburn,26.814465389615872,23.917184336193205,27.75815966860071,5.281203879753973,2.0417473665753,14.187239359260932,0.0,0.0,0.0
Ilford North,42.88846648856624,24.065221208680754,6.653953099016905,0.903981817780764,2.7427726575272633,7.4788059386040775,15.166798789824,0.0,0.0
Ilford South,44.83639611093018,15.485835562731186,5.063586933638375,0.6105775036304328,3.759983078266381,11.96162081080344,18.282,0.0,0.0
Inverclyde and Renfrewshire West,23.012832747158384,5.109975909199168,20.575701397160355,4.193481757119994,3.6032984963072425,7.779237094906655,0.9331200000000001,34.69235259814819,0.0
"Inverness, Skye and West Ross-shire",5.286754965120704,2.4304501816953445,13.883907493436347,3.267050829577378,41.50086949785138,8.451213837370815,0.0,25.079753194948026,0.0
Ipswich,35.465545728491556,13.813727846135313,32.0545694200371,4.549929513079833,3.723353074149048,9.908490418107153,0.384384,0.0,0.0
Isle of Wight East,11.816896208134825,22.108664843771344,31.743512606232727,5.588963676002419,6.772820458442601,21.334617396075284,0.5345248113408,0.0,0.0
Isle of Wight West,30.938967799125304,16.722429522050238,33.907505929695134,5.14994788390675,5.040644843304625,7.897627221917955,0.1428768,0.0,0.0
Islington North,52.22091478553248,6.046097697475,6.08804050941217,0.77,3.4905440000000003,9.746226976412526,21.63817603116782,0.0,0.0
Islington South and Finsbury,46.31802681758304,12.011481575152334,6.696633582030089,1.390678059969911,9.63881354297216,21.964366422292475,1.98,0.0,0.0
Jarrow and Gateshead East,37.55170786170445,6.034554083710977,36.32309620768438,6.686831047400405,3.614958680794409,9.016180118705382,0.672672,0.0,0.0
Keighley and Ilkley,32.33411553480666,30.93619585595666,22.74483477343555,3.734116233352077,1.4665805124175284,6.282387490031535,2.5017696000000003,0.0,0.0
Kenilworth and Southam,18.7071303331442,36.48631404894846,17.518053579326626,3.2388281318935928,15.312281620456869,8.227954720230251,0.509437566,0.0,0.0
Kensington and Bayswater,37.99782261995276,36.702230933321076,4.628527282440592,0.892616441857794,4.939743033028258,11.760083689399519,2.9789760000000003,0.0,0.0
Kettering,29.656028030088432,18.16871058402041,29.205893356534144,4.8587703405826606,1.9590505386677353,15.156739809977333,0.99480734012928,0.0,0.0
Kilmarnock and Loudoun,20.742316420748722,4.768033674319104,22.434817621096986,4.421581086966246,2.6143696171937543,7.72001494838443,0.31104,36.98782663129075,0.0
Kingston and Surbiton,8.63813435,21.854843212444088,9.013584803910264,2.081519164636033,46.161256671421135,10.102757797588481,2.1479040000000005,0.0,0.0
Kingston upon Hull East,33.53236365189418,3.406760087539383,39.29406804092787,7.700788787390549,6.964217029153911,9.10180240309409,0.0,0.0,0.0
Kingston upon Hull North and Cottingham,39.355330124057915,6.871440828818662,31.071935097231563,5.404985803557041,5.696541397107936,9.68471074922688,1.9150559999999999,0.0,0.0
Kingston upon Hull West and Haltemprice,37.184674933765756,10.042761796374194,34.77840649882741,5.999393003983309,4.664320201919429,7.186299565129907,0.144144,0.0,0.0
Kingswinford and South Staffordshire,19.577371703475897,32.80888924459364,33.429064682408004,5.021011017533168,3.148907894474123,5.75937144715676,0.2553840103584,0.0,0.0
Knowsley,42.896730593524396,4.533060017364559,34.4869698152529,4.92554055326109,2.96980267842887,9.874592156824182,0.31330418534399995,0.0,0.0
Lancaster and Wyre,31.98726124626347,21.258584650188745,22.02745297770577,4.023897635749078,2.5867048986794305,18.116098591413515,0.0,0.0,0.0
Leeds Central and Headingley,36.13120447455524,6.590085828122344,7.752877527105833,1.8516999248524155,4.855661971860751,41.32845427350341,1.4900160000000002,0.0,0.0
Leeds East,38.47807060568857,14.795141989527671,23.084732211658487,4.484904555254742,3.6034253626702246,12.813725275200309,2.64,0.0,0.0
Leeds North East,41.01155387805317,18.788337187512997,11.921731057912083,2.1077291877633075,5.825493007039875,15.659155681718577,4.686,0.0,0.0
Leeds North West,36.07792062513398,21.003533919686827,21.670329680928653,3.345657241194981,7.612228498980432,9.245938099555138,1.04439193452,0.0,0.0
Leeds South,43.29484377847252,4.228496993011276,20.233435222633624,3.754029216831261,4.912735788302065,21.068459000749257,2.508,0.0,0.0
Leeds South West and Morley,33.902056614696335,16.501598503689458,31.046672652008322,5.100377017936741,3.2555878953399082,9.380759612972433,0.8129477033568,0.0,0.0
Leeds West and Pudsey,40.58212609389875,11.557432500794857,26.795135387301116,4.575329764770364,3.690236214316923,11.360412038917989,1.439328,0.0,0.0
Leicester East,22.013541995326083,41.343743405320815,4.403065987734587,1.3144294796856824,3.8728164351684136,13.470130696764414,13.582272000000001,0.0,0.0
Leicester South,36.321302803632534,9.178180928176065,6.962833973561227,1.654147876,2.797912679141365,19.359999926121223,23.625621813367587,0.0,0.0
Leicester West,37.176658611860745,18.83664480784748,18.706919432525133,3.805037997042846,5.843769403128052,14.442969747595752,1.1880000000000002,0.0,0.0
Leigh and Atherton,36.00051158697062,11.51061320870124,34.67332281051183,6.157564738626125,2.823190044934557,8.302365610255633,0.43243200000000004,0.0,0.0
Lewes,4.328492037324293,16.003585924881385,25.868813405736695,3.8039532384404167,42.84559196440906,6.810907429208158,0.238656,0.0,0.0
Lewisham East,48.26126150109256,13.210652825727207,9.501697416744108,1.824254717078406,7.117047569367454,18.30308596999027,1.7820000000000005,0.0,0.0
Lewisham North,48.5688693407449,6.888166539109844,6.232607449064368,1.2704956307280488,8.405690001199076,27.01617103915376,1.518,0.0,0.0
Lewisham West and East Dulwich,46.36320763458413,9.993043337413676,9.032525831697264,1.483787753869689,8.517158229671507,23.554277212763733,1.056,0.0,0.0
Leyton and Wanstead,43.24316906615279,13.0168105613778,7.69391212856591,1.3378514370701216,6.77352735003766,18.82672945679572,9.108,0.0,0.0
Lichfield,27.32120293733302,30.62372597431916,27.140927259550562,4.862724733952581,4.292080979771187,5.53091938404949,0.228418731024,0.0,0.0
Lincoln,35.715503910368305,15.38365853178637,29.453842389379773,4.842704712899926,4.1707341851639494,9.607702365041664,0.8258539053599999,0.0,0.0
Liverpool Garston,42.64827110206179,8.08891796474283,28.82122292054906,3.0807923872336698,5.920486755167538,9.922812780389112,1.5174960898560002,0.0,0.0
Liverpool Riverside,45.20955582493917,2.5287047228008346,16.200957694842888,2.786447231768375,3.741462255117067,27.832712270531673,1.7001600000000001,0.0,0.0
Liverpool Walton,45.04833659221292,3.5091589947647015,32.93805742931863,4.666360590072525,2.3567104435228936,10.885791950108326,0.595584,0.0,0.0
Liverpool Wavertree,41.43441152128054,5.603711975069705,16.68572389428539,2.581498753175863,6.686730441350061,23.90592341483845,3.1020000000000003,0.0,0.0
Liverpool West Derby,45.97852209189805,3.2671045336582756,31.839105623669525,3.792119157440154,2.830025511802188,10.826367379515805,1.466755702016,0.0,0.0
Livingston,20.487345412715726,5.158402711760409,20.01088866246109,4.008769556119063,4.547071948489405,9.253525606206592,0.41759999999999997,36.116396102247705,0.0
Llanelli,15.397515040414824,9.345772247681499,26.92386380392551,7.196614682592963,2.136985,4.2280405055269465,0.42912000000000006,0.0,34.342088719858246
Lothian East,25.06073764297724,7.410316986390111,19.520757558347533,3.302544509930863,5.688586577997138,10.123293782032189,0.41184,28.481922942324932,0.0
Loughborough,30.295550070634473,30.45615370762389,18.572872949002893,3.8661665626393926,3.7717162752069524,13.0375404348924,0.0,0.0,0.0
Louth and Horncastle,16.80771034410213,31.699912848357254,33.8930185177422,6.300433384289259,3.437807205959559,6.692018961931151,1.169098737618442,0.0,0.0
Lowestoft,27.444868840807775,12.918134285802807,42.2163416039842,6.700589760396992,2.4775536397706097,8.242511869237628,0.0,0.0,0.0
Luton North,39.5456306632223,18.938122192322894,13.0016619620272,2.158212411924416,4.694996139750434,7.339376630752754,14.322,0.0,0.0
Luton South and South Bedfordshire,37.49149480375094,18.361511283561185,12.58862726812675,2.3083658640575027,5.842192454635939,8.82180832586768,14.586000000000002,0.0,0.0
Macclesfield,36.9856233938846,21.869856242699868,27.274469325619986,3.715972921360272,3.431183939746197,6.377402794708283,0.3454913819808,0.0,0.0
Maidenhead,7.8062805909589414,25.275884450016846,16.955078900975657,1.693036684906014,39.56109322181821,6.690610151324337,2.0180160000000003,0.0,0.0
Maidstone and Malling,19.579043259555444,24.179640664208748,32.5176013631918,4.346135682539765,9.05143771618299,9.894448514321244,0.4316928,0.0,0.0
Makerfield,33.97275766182779,9.560759137219366,37.10118092734117,6.756391666148891,4.475034209689042,7.73330949503775,0.400566902736,0.0,0.0
Maldon,12.959999539690669,35.04981088211727,33.24685539502507,4.916899596135772,7.896851652155576,5.929582934875643,0.0,0.0,0.0
Manchester Central,42.97847428586216,7.594040130186998,11.471179625406274,2.7453738093237785,7.390720207293357,23.662211941927428,4.158,0.0,0.0
Manchester Rusholme,49.307405140897316,3.924150997131018,4.8463986950726365,1.200511216681811,0.789978397338789,32.93661155287844,6.994943999999999,0.0,0.0
Manchester Withington,42.68533116765396,8.314955047641792,9.390278197819544,1.4993513249510777,11.56234549342038,23.51173876851324,3.036,0.0,0.0
Mansfield,32.08653722379076,15.194765584056944,39.93169747816543,6.452727997064501,1.4574836549565455,4.356743609037827,0.520044452928,0.0,0.0
Melksham and Devizes,5.260869466282827,20.566278597138016,30.546941323292195,4.278130331347571,33.043264252449866,6.3045160294895215,0.0,0.0,0.0
Melton and Syston,18.838758855166276,37.15350311343481,24.719725553456183,4.996713887002887,3.7633521210893868,9.390318516251032,1.1376279535994265,0.0,0.0
Meriden and Solihull East,19.387972169306508,39.28872583174434,23.501141137247792,4.380575567907832,5.175504151066636,8.266081142726895,0.0,0.0,0.0
Merthyr Tydfil and Aberdare,22.274349597753478,6.061454065628864,27.5433331196358,6.66552749,2.48166,5.131257455213069,0.8990720000000001,0.0,28.843346271768787
Mid Bedfordshire,23.165876354205153,43.5276223020496,15.893614238284428,3.7062898592044142,5.900846072231759,6.914363295192652,0.891387878832,0.0,0.0
Mid Buckinghamshire,13.800054576782069,38.22000034521452,16.136160607628078,3.044329493022894,20.58825191436632,7.6172030629861105,0.5940000000000001,0.0,0.0
Mid Cheshire,36.183524725502615,12.666172900194317,34.62791270376025,5.364459373750426,4.037378088767589,6.8515487533047965,0.26900345472,0.0,0.0
Mid Derbyshire,28.402524370314353,28.087611072151336,27.03564397809577,4.6225355044326255,3.144881026279108,8.418797702323527,0.28800634640327727,0.0,0.0
Mid Dorset and North Poole,6.601620921618205,13.77187186939478,32.34278354717533,3.169220793386777,36.92384043786992,6.938000194830196,0.2526622357248,0.0,0.0
Mid Dunbartonshire,10.014978307654648,3.1654180728057577,11.38678260227148,1.8008448107413213,42.13294996070073,8.377920480130687,0.0,23.121105765695376,0.0
Mid Leicestershire,22.678248087732168,41.17655301052338,19.60308884079031,4.258207423019143,3.624815825118729,8.659086812816266,0.0,0.0,0.0
Mid Norfolk,21.671830046153538,29.237154815458933,31.701515858131827,5.551813723377684,4.3542489237954936,7.383436633082515,0.0,0.0,0.0
Mid Sussex,10.063531849152604,15.392866025966281,28.654402523443565,3.108313396040262,36.35502874093409,5.936299064463203,0.3895583999999999,0.0,0.0
Mid and South Pembrokeshire,16.736384957491367,23.0714462151701,18.27393721787833,5.489910474574577,3.16520025,5.761681748572623,0.40915200000000007,0.0,18.73603882605768
Middlesbrough South and East Cleveland,36.33779533816596,12.134987870668697,37.28562160674244,4.277865903588775,3.867999470760602,5.435224424633528,0.56050538544,0.0,0.0
Middlesbrough and Thornaby East,41.55117445216202,12.354052162339944,28.2218265053739,5.15970269204355,2.320422134247459,6.868214053833123,3.424608,0.0,0.0
Midlothian,24.483051134853213,6.156257778766988,19.826473418225685,3.820781516168311,5.99344025382423,5.508362582566202,0.20736,34.00427331559538,0.0
Milton Keynes Central,37.02131557464162,29.33457508820245,13.805052701214954,2.9416323551094954,7.079092385046941,9.621915895784545,0.196416,0.0,0.0
Milton Keynes North,35.27427392544404,28.405991375675917,18.506156864544963,3.513024532375769,5.002783344366866,9.297769957592447,0.0,0.0,0.0
Mitcham and Morden,46.97993373079954,16.18021400889844,11.35909203394021,1.8020773798580312,7.73509490117563,13.731587945328148,2.112,0.0,0.0
Monmouthshire,19.482002537364014,35.2196128809734,12.009609851415545,3.874001974461379,2.79282375,8.95056524491523,0.4659200000000001,0.0,15.35074481097249
Montgomeryshire and Glyndwr,14.7576471012237,12.712857398721866,20.62503979925878,6.045554274261018,12.24267326462212,5.305178413458104,0.0,0.0,22.892673545279003
"Moray West, Nairn and Strathspey",8.567262112744844,19.20065200884927,18.85261059354505,3.4596325190329367,8.145989043025004,8.321576734286687,0.36747,32.98480698851622,0.0
Morecambe and Lunesdale,29.837452195135537,20.333987782358758,29.900300818617193,5.002696745160867,6.2870087897235685,8.638553669004072,0.0,0.0,0.0
"Motherwell, Wishaw and Carluke",23.636646878777537,4.932719969621653,21.511462950189642,4.354412513749605,2.861796650329328,8.875791035378189,0.31104,33.51613000195404,0.0
Na h-Eileanan an Iar,24.043945891800398,4.092928705159601,26.928712639226916,3.619981932836092,3.522156108725711,4.04438265599121,3.160540623635687,30.58735144262438,0.0
Neath and Swansea East,21.63911670002852,8.034939896708945,26.65565319235274,6.807038544942408,3.99823,5.9348198627404045,0.0,0.0,26.830201803226984
New Forest East,13.628138658581877,26.834938693473223,34.70293913834041,4.83766995530109,10.574121167762698,8.585240125395329,0.8369522611453726,0.0,0.0
New Forest West,16.817598117673803,26.804239514030034,32.50220584634903,4.417887437346653,11.337671109255322,7.662772335338951,0.4576256400062091,0.0,0.0
Newark,27.729349837675755,30.590811625401688,27.81437004102501,4.586031635642543,3.4417280747174064,5.549571070916791,0.28813771462079996,0.0,0.0
Newbury,4.796059616984321,19.666236883641016,29.597314970221493,3.735596350873423,34.07166112121254,7.704292657067198,0.3288384,0.0,0.0
Newcastle upon Tyne Central and West,39.464269748852956,9.835991646684096,20.810661226302027,4.141220589689572,3.4596110574686096,15.884981731002739,6.3032639999999995,0.0,0.0
Newcastle upon Tyne East and Wallsend,38.32760418154211,5.833985470184472,27.147619016514266,4.964304854275538,5.008618933721003,17.48847554376263,1.129392,0.0,0.0
Newcastle upon Tyne North,36.69805381681405,13.547281484016846,19.071579233762144,2.99192729046358,9.940254924234187,16.958903250709184,0.792,0.0,0.0
Newcastle-under-Lyme,29.618882529304585,21.81068370062085,30.082395116634444,5.4916087449746085,3.213324271305372,9.783105637160137,0.0,0.0,0.0
Newport East,20.628417438479612,14.600745294509936,23.616760275987083,5.4520901549442815,3.3641228281249997,10.195447018684586,1.356672,0.0,20.27996281496794
Newport West and Islwyn,20.20026853738209,15.097571115058683,24.309361211231234,5.779670539323606,3.27494375,6.584080972717368,1.0520832,0.0,23.70202067428702
Newton Abbot,10.432425465133004,9.770961314893437,37.57667037362767,5.07615978622881,30.01813030819956,6.181717770969726,0.9439349809477914,0.0,0.0
Newton Aycliffe and Spennymoor,32.870656343382365,13.682932504104429,35.48872573925999,6.507852794879453,3.2282418403119486,8.040106851437821,0.181483926624,0.0,0.0
Normanton and Hemsworth,31.969840743852124,13.297292818890813,36.11140333910489,7.059052375409016,3.2386579575376033,8.22375276520556,0.0,0.0,0.0
North Ayrshire and Arran,18.781608901437767,6.953757728945553,22.31151088963087,4.124387877071584,2.8073875449317116,7.836021794002955,0.38016000000000005,36.80516526397956,0.0
North Bedfordshire,21.689794421694305,37.02609434958047,21.058964449022447,3.834541034615963,8.702079132725698,7.688526612361119,0.0,0.0,0.0
North Cornwall,3.619292812892613,18.69905355819674,26.653583538095333,5.13782511640159,37.96904631894791,7.781066759561813,0.140131895904,0.0,0.0
North Cotswolds,11.762819379998055,26.815691086501015,27.101050321272506,3.694160517562153,22.609493405781134,7.834490170483548,0.18229511840159343,0.0,0.0
North Devon,4.723454651318633,15.924143085893713,31.763808344710284,5.081007165297683,34.95250210494985,7.311849447129017,0.2432352007008,0.0,0.0
North Dorset,6.424809186923216,26.8677475823906,30.496246773414494,4.550349303723904,25.177359196825726,6.324049014290063,0.15943894243200002,0.0,0.0
North Durham,33.807784139884255,10.85008805210423,34.71814744458239,6.32366868253313,6.6501936129380885,7.3113199403898985,0.238798127568,0.0,0.0
North East Cambridgeshire,15.793788769930188,22.89145751276955,43.50242464938208,6.24461607637293,4.763327774447961,6.328329705881283,0.3760555112159999,0.0,0.0
North East Derbyshire,28.62376881141342,21.56846673801991,33.96914052169911,5.38544686565943,2.9807780215355657,7.377992641672575,0.0944064,0.0,0.0
North East Fife,6.546916977652407,2.3762699947571413,11.053665906332832,2.1778634459468678,51.7312900737135,14.64566830789691,0.0,11.46832529370034,0.0
North East Hampshire,6.031060695106603,28.26394636406718,25.296946658127986,2.9636795219010867,32.76030727774527,4.301557066914269,0.3825024161376,0.0,0.0
North East Hertfordshire,27.965382948899936,32.38127599366099,20.789906253746725,3.9314611373112873,6.211750297426542,8.720223368954514,0.0,0.0,0.0
North East Somerset and Hanham,29.677627638661146,26.149905781499044,25.68869564015236,4.233574786118903,4.6935360719358545,9.328126242701503,0.2285338389312,0.0,0.0
North Herefordshire,5.51274242,24.293350087014748,19.25589443283693,4.530755480148318,2.524,43.75125757999999,0.132,0.0,0.0
North Norfolk,3.480572947112277,26.774783999084203,26.645846752954707,5.042671057556718,32.36740323344616,5.58872200984592,0.0,0.0,0.0
North Northumberland,33.16140073020901,15.91341273748366,31.256720903092656,5.045562063837343,6.903870142716531,5.3543763373758,2.3646570852850033,0.0,0.0
North Shropshire,4.165856054277173,17.266336276083205,25.592990324704225,4.555567332000001,39.2510175711818,8.99525964175359,0.1729728,0.0,0.0
North Somerset,28.445206964284978,28.786572115932906,24.032702552841844,3.473416464463222,7.595134777974285,7.474250324502775,0.0927168,0.0,0.0
North Warwickshire and Bedworth,26.729782086998846,26.964834667396385,30.540131648338782,6.209349251904239,1.9900562775670694,7.565846067794677,0.0,0.0,0.0
North West Cambridgeshire,27.06176967016373,32.72074427014925,23.020497868309544,4.486866091454773,4.485285483532348,8.224836616390352,0.0,0.0,0.0
North West Essex,25.07249531316963,38.72184712596201,17.982582520903993,3.5616129013989526,7.063733024144081,7.012214008846929,0.4855151055744,0.0,0.0
North West Hampshire,22.019048421180372,27.015850031825927,29.8696992733075,4.123829170202832,9.396537475300459,7.112190828182914,0.46284480000000006,0.0,0.0
North West Leicestershire,28.786820597515383,27.580087283477834,28.848921466699235,5.431659613253684,2.442973247837176,6.639166242191131,0.27037154902555016,0.0,0.0
North West Norfolk,16.320253775805334,24.787236699002342,36.93631567025369,5.741535286651034,9.765948862107344,6.448709706180247,0.0,0.0,0.0
Northampton North,39.03047812661251,16.434261462638943,25.130566653785188,4.105858129749945,4.070228052056235,8.15142357515718,3.0771840000000004,0.0,0.0
Northampton South,31.58268732039582,26.492417046808715,25.468137228450185,4.069012930944658,4.617122326414087,7.353397546986534,0.4172256000000001,0.0,0.0
Norwich North,35.4528399010231,11.011454714337646,34.08278874683236,5.233674518520792,3.2663550426337733,10.568503076652341,0.384384,0.0,0.0
Norwich South,38.4068601480045,7.7817334582615185,22.086433366830825,3.5078628870324766,5.469985432747914,21.928962307122767,0.8181624000000001,0.0,0.0
Nottingham East,41.4279721697453,9.558929106610991,11.275424679875218,2.418662372275111,4.928421020298607,24.384590651194763,6.006,0.0,0.0
Nottingham North and Kimberley,39.55393050598964,14.854965694895508,26.332321355536426,4.873522080652234,3.059523975703073,11.325736387223115,0.0,0.0,0.0
Nottingham South,37.564870339472044,16.268108508978642,14.80136937618698,3.1654066869837294,4.461289611363942,20.63009147701466,3.108864,0.0,0.0
Nuneaton,30.514734544694967,16.963432943420088,35.32157747302591,5.60809621076311,2.3606182276096908,8.13615180048622,1.0953888,0.0,0.0
Old Bexley and Sidcup,23.067062685399065,31.163599052284503,31.89792077423629,3.4206292134912366,2.91193017247861,7.076013302110301,0.46284480000000006,0.0,0.0
Oldham East and Saddleworth,38.24530803447184,15.543352137856708,22.901771532980455,4.406503538405091,5.626334064899083,5.186714691386815,8.090015999999999,0.0,0.0
"Oldham West, Chadderton and Royton",39.14633204216208,9.735739478329439,18.57429800239532,3.96093515043224,2.4272540472334034,10.430930866882262,15.724510412565255,0.0,0.0
Orkney and Shetland,4.313910031676278,1.4406294610968575,15.482772812563306,3.275493197284221,51.48157229453577,14.604631443435046,0.0,9.400990759408524,0.0
Orpington,21.071330723933254,31.065248544034155,31.07394938256588,3.050239119405337,6.705045012154293,6.777051217907081,0.25713600000000003,0.0,0.0
Ossett and Denby Dale,29.388498210518428,27.239617374093196,26.80266948241629,5.0196384217948005,2.6896494784794065,8.025475832697866,0.8344512000000002,0.0,0.0
Oxford East,42.30452370923174,6.9988649641368,15.137957418486184,2.199122825011012,7.983564106915114,18.442528046219152,6.93343893,0.0,0.0
Oxford West and Abingdon,8.135639000000001,22.45398160958571,9.349369489251918,2.134427523565068,43.64260273845059,13.389019639146719,0.89496,0.0,0.0
Paisley and Renfrewshire North,24.698713836233132,5.845387015869606,18.785812147552626,3.800863959988461,3.7892165730560983,8.943497241580348,0.0,34.13650922571973,0.0
Paisley and Renfrewshire South,23.75632702305707,4.358297144220268,20.165454209516863,4.148147229039026,3.6484075625130084,9.792663281981845,0.3456,33.785103549671916,0.0
Peckham,51.84203339772043,5.088928728318964,5.624099024637356,1.3231394088471264,8.159523778417551,25.25627566205857,2.706,0.0,0.0
Pendle and Clitheroe,32.18691208517055,27.18258331420188,25.360233579522006,4.683200169803693,2.7206612196364945,4.111379231665374,3.7550304,0.0,0.0
Penistone and Stocksbridge,31.484397933924942,20.155797679375517,30.870819825884144,5.411496261642177,4.342961381978901,7.634526917194325,0.0,0.0,0.0
Penrith and Solway,29.525962291476006,21.914402242723476,30.40665077452088,5.245814895375386,6.468932980940187,6.304256809789678,0.1339800051744,0.0,0.0
Perth and Kinross-shire,9.906336845076687,20.278853364600984,15.630704565175364,2.788325209415161,7.72880462109195,5.475536440043654,0.7,37.491438954596205,0.0
Peterborough,32.96626020327261,22.36792967351379,24.186583523087233,3.647046068094837,2.985344625823742,7.538714306207793,6.3081216,0.0,0.0
Plymouth Moor View,31.912851802461127,13.196773534981325,40.72299947363771,6.281185495927652,2.7573552093532374,5.128834483638945,0.0,0.0,0.0
Plymouth Sutton and Devonport,38.899832351841646,11.193232059832106,26.480383001983746,4.5637234012978585,4.132782247508464,13.552888363648178,1.177158573888,0.0,0.0
"Pontefract, Castleford and Knottingley",33.94183630027916,9.012793078922844,38.87423042289268,7.280745607229488,2.6912432890562834,8.006959301619545,0.192192,0.0,0.0
Pontypridd,20.48876527503581,7.465728659719962,25.716366448589287,5.823299467135106,2.8263349999999994,6.457360409704915,1.994816,0.0,29.22732873981491
Poole,29.13081188184407,14.520079616282205,36.803370951287114,4.495347299446576,8.04220439280017,6.5212646395558655,0.48692121878399997,0.0,0.0
Poplar and Limehouse,43.98257958082368,12.811943243699096,7.116324706120517,0.7836752938794831,8.351247888749576,17.450229286727655,9.504,0.0,0.0
Portsmouth North,28.508274922393,18.95156781482542,36.71692732934044,5.1340006757457415,4.776055228805796,5.913174028889597,0.0,0.0,0.0
Portsmouth South,39.32543784376576,14.686117946827624,19.43738960048829,3.49802637259453,9.71054434729746,12.088483889026328,1.254,0.0,0.0
Preston,38.72861721585746,9.75349940055979,20.52813678476845,3.7923866051505337,6.684531855133517,8.433558132530255,11.979270006000002,0.0,0.0
Putney,42.5091730892917,24.5848715796001,8.074043813679737,1.4398597635817558,10.84194609341399,11.328105660432715,1.122,0.0,0.0
Queen's Park and Maida Vale,48.59355316578949,14.90195718011488,4.518680612585543,1.1593622072995795,8.781048341367754,17.953398492842762,4.0920000000000005,0.0,0.0
Rawmarsh and Conisbrough,35.209049983671676,8.221101280064183,38.066205334866055,7.0403528129361215,2.6467570671500966,8.453607037391855,0.36292648392000004,0.0,0.0
Rayleigh and Wickford,16.01947065408806,30.038635302286142,37.43488993879957,4.871000165541376,5.751579029845079,5.8844249094397725,0.0,0.0,0.0
Reading Central,40.23207044517546,18.524628647045,12.901289097806746,2.2138125101952317,8.00561181133491,17.462587488442665,0.66,0.0,0.0
Reading West and Mid Berkshire,29.25138520123014,31.754956316401696,19.72372489777767,3.5165287447551203,6.534010834954824,8.369736404880545,0.8496576000000001,0.0,0.0
Redcar,31.06584708524213,14.498775891310018,39.38360411938402,6.133333975851492,2.6826172151197363,5.943629713092601,0.192192,0.0,0.0
Redditch,27.914485422054817,26.341645280693974,30.497606726253444,5.217081325933481,3.0919194960923333,6.102810548971942,0.8344512000000002,0.0,0.0
Reigate,25.031611639067243,28.884206621510053,25.426388763576234,2.9067234514750417,7.480339547121611,10.170729977249817,0.0,0.0,0.0
Rhondda and Ogmore,24.798940620254406,4.877168986642771,28.022128390429693,7.07760951,1.79231,4.91437496235671,0.0,0.0,28.517467530316416
Ribble Valley,28.64117634470346,33.82873389285225,22.050056327462375,4.020649714977619,5.582369603635079,4.644137316369217,1.1328768,0.0,0.0
Richmond Park,6.204464268715219,24.595511923472102,8.63039663525618,1.3054619058148509,48.83287115187909,9.774990114862549,0.656304,0.0,0.0
Richmond and Northallerton,17.784695603084607,35.55983195424693,30.21151710263106,4.3784018398321045,6.0124658777270445,5.79592408474705,0.15716353773119993,0.0,0.0
Rochdale,38.58247691749485,9.666445389421277,19.256642082394368,3.9100391529620224,4.799391310288282,8.129255702911511,15.65574944452768,0.0,0.0
Rochester and Strood,29.428438618272605,27.24542883207182,27.791627397857194,4.8405336080491965,2.9534877289051646,7.276899814844023,0.463584,0.0,0.0
Romford,25.475643569530973,25.556369048507534,33.972616301898796,3.2034859244978158,3.324086601236954,7.082118554327926,1.28568,0.0,0.0
Romsey and Southampton North,6.441316201302028,35.68493691344757,21.223848368243765,3.232379577143332,26.80065058421977,6.390039555643537,0.2268288,0.0,0.0
Rossendale and Darwen,32.38241946610272,21.798411193243528,31.496852204789484,5.338026512321556,1.9189394537312139,6.546115969811504,0.5192352,0.0,0.0
Rother Valley,29.39442866920877,23.40960347916348,33.78661968277004,5.482859904150917,1.8604539496326724,6.066034315074113,0.0,0.0,0.0
Rotherham,38.422629882393764,5.663547908086633,31.71530112651501,5.800511895151597,3.5622455684400944,10.027059619412908,4.708704000000001,0.0,0.0
Rugby,31.66462675278976,28.29555762053736,23.74009217308243,4.390125876858372,4.102045146972113,7.47713002975996,0.33042239999999995,0.0,0.0
"Ruislip, Northwood and Pinner",24.879600502587884,45.94129809856885,11.347113581217329,1.4863687501606615,7.878622242233376,8.466996825231895,0.0,0.0,0.0
Runcorn and Helsby,38.43382721062224,11.86520684746409,31.206126669793367,5.371568164853538,4.363049287082536,8.362861450680224,0.297360369504,0.0,0.0
Runnymede and Weybridge,15.480553574054994,33.47269209927932,25.3552048437693,2.993137864490109,15.82887911291769,6.024123225488583,0.7454092800000001,0.0,0.0
Rushcliffe,32.48671224486559,34.939688983787356,15.453941286118022,2.923235773488612,3.9942339020983035,9.58305500964212,0.6191328,0.0,0.0
Rutherglen,26.26230942892608,6.123367814938164,18.848991870715437,3.8520054227908895,4.52674576499736,6.021574370157872,1.24416,33.12084532747419,0.0
Rutland and Stamford,15.34939895946772,39.62915581558424,24.22713350158412,3.928951700670054,8.77025043104683,7.526245591647041,0.46886400000000006,0.0,0.0
Salford,41.33045952263563,8.712957060690822,17.9256183142831,3.547662690015142,6.5636172761503,20.203685136225005,1.7160000000000002,0.0,0.0
Salisbury,21.120952977885995,23.86322957787173,29.284040055712687,3.674793505459835,15.463015690852995,6.148854406581568,0.4451137856352,0.0,0.0
Scarborough and Whitby,33.03046557217086,15.071289988831522,37.4233321523488,5.992480164149923,2.962442037627558,5.175398717751341,0.34459136712,0.0,0.0
Scunthorpe,31.21641619101814,14.81240693795232,38.099384196801225,6.232937871375178,1.7564301685382997,6.296840634314837,1.5855839999999999,0.0,0.0
Sefton Central,42.03367711803858,13.2604559575093,28.25941263341578,3.8318885201886257,4.227193296668018,7.952229625236159,0.33514284894352997,0.0,0.0
Selby,31.043264381652317,25.72388493001724,27.126299678476997,5.304678502991725,3.0927248699802163,7.609147636881506,0.0,0.0,0.0
Sevenoaks,8.974448684179091,30.994935876595324,29.02004253118775,3.71610121145604,20.952755093108934,5.693652603472869,0.548064,0.0,0.0
Sheffield Brightside and Hillsborough,39.13105346082124,2.876793936313662,23.24470975836079,2.4527816173020134,5.163155887061736,17.03350534014056,10.098,0.0,0.0
Sheffield Central,42.62113241946031,7.208310058689484,8.07306109374442,1.7455868939922343,4.691224640320079,34.297916893793456,1.362768,0.0,0.0
Sheffield Hallam,34.6238200681272,9.304988019670951,15.240199592072909,1.4200060656684248,24.181961073375803,13.952321181084699,1.276704,0.0,0.0
Sheffield Heeley,40.91029320508097,4.632078537061382,26.673532728020444,4.241755584459197,6.863481251011935,15.835114694366066,0.843744,0.0,0.0
Sheffield South East,42.35551695529791,5.1226919428822395,27.967091066526244,4.737690302751558,6.554303230787956,10.930002501754098,2.3327040000000006,0.0,0.0
Sherwood Forest,30.38301791239596,21.227405664661852,32.6449637582464,5.952104672733307,2.6880659632282575,6.809149760676642,0.2952922680576,0.0,0.0
Shipley,36.43358337647476,23.29030066148174,24.01411724756991,4.003954221146262,2.423482538081476,8.557171555245858,1.2773904000000003,0.0,0.0
Shrewsbury,35.8948439625548,11.964971269841673,31.966949334443477,4.565700077267891,8.339888087257929,6.952808136026232,0.314839132608,0.0,0.0
Sittingbourne and Sheppey,30.24255978942068,16.687253755047447,37.23723462145818,5.9901408557925135,2.2842493217566053,5.568722018164237,1.8898396383603502,0.0,0.0
Skipton and Ripon,26.632991960319263,32.408919518675425,23.218072867685343,4.338135255216156,4.6776720832177725,7.634772173262961,0.889436141623089,0.0,0.0
Sleaford and North Hykeham,22.934090364607705,33.30912709948443,27.684755439141295,5.215687139869617,3.096167555869267,6.374175139827173,1.3859972612005178,0.0,0.0
Slough,38.45030320293362,17.653931464825593,6.814608469027663,1.3914600661467451,5.173032339721238,9.921611923345145,20.495052534,0.0,0.0
Smethwick,44.45608164051318,12.80493504159163,15.172484537755285,3.1453948903425992,3.8470389574349073,12.422064932362394,8.052,0.0,0.0
Solihull West and Shirley,18.728604968179614,39.14413681406386,18.1345173322741,3.195817379751285,11.055899976214587,9.004516329516562,0.7365072,0.0,0.0
South Basildon and East Thurrock,28.69228747959727,15.875906215589389,40.55614056194496,5.489730620666149,2.395184615108034,5.795191461942215,1.095559045152,0.0,0.0
South Cambridgeshire,6.518388052901151,31.950864149725362,11.755288851398216,2.635967517221599,38.849015233484515,7.638508195269155,0.45196800000000004,0.0,0.0
South Cotswolds,5.062320613358528,32.035834279198994,17.25200529008345,3.4626563635601397,36.35502848832065,5.481943274694229,0.250211690784,0.0,0.0
South Derbyshire,31.218996764399268,25.852514352721723,27.913377122613543,5.201613700699021,3.204171772166478,6.26305008611357,0.3462762012863999,0.0,0.0
South Devon,3.8611007061729863,23.526407852254625,24.351468655423325,4.247334115777285,37.82438803028132,6.019179040090455,0.17012159999999998,0.0,0.0
South Dorset,27.75543427008104,16.372352463901617,34.408957485037924,5.170902537529953,10.106129790953194,5.95307289920347,0.2331505532928,0.0,0.0
South East Cornwall,25.148536506158138,25.11925226602844,27.529654698310058,5.178548977383839,10.52576698314192,6.441571962356163,0.05666860662143993,0.0,0.0
South Holland and The Deepings,18.079120461935645,30.561953170170277,33.63350520322681,6.082886471111836,2.871883499937541,5.582546649622884,3.1881045439949944,0.0,0.0
South Leicestershire,17.20978491803466,37.620364525940545,24.5407779323337,4.684729761801424,9.520543581591362,6.323799280298329,0.0,0.0,0.0
South Norfolk,28.22883264337759,26.88671915616241,24.48894881665724,4.130059405908252,6.7055441750965326,9.19951677216757,0.3603790306304,0.0,0.0
South Northamptonshire,21.851098490846184,40.525172465218695,19.025426931093286,4.081142580400577,6.280004226090011,7.227768051084667,1.0093872552665777,0.0,0.0
South Ribble,31.330414819431613,22.480543579981056,30.08177353081847,4.839799400619386,3.9617176927446303,7.305750976404865,0.0,0.0,0.0
South Shields,34.832928359452545,4.836601570759055,33.672749105273766,5.8318175097861,2.618894795491657,15.529944346404896,2.677064312832,0.0,0.0
South Shropshire,8.323386892025791,27.789318428606784,29.44915041417776,4.749987728456361,23.953257744486805,5.734898792246493,0.0,0.0,0.0
South Suffolk,19.832652491084083,32.02389929455151,25.62348373643255,4.90143013783698,8.21177566846514,9.406758671629753,0.0,0.0,0.0
South West Devon,23.192658592681866,27.935716319454947,30.448552831863037,4.705278936601133,6.625977206329671,6.92795753417655,0.16385857889279992,0.0,0.0
South West Hertfordshire,13.669338911170104,38.901249018099755,18.001050174864176,2.7070821376236767,18.524986727679277,7.199059430563021,0.9972336,0.0,0.0
South West Norfolk,29.618424216901857,15.988569247345488,32.94382984012851,5.969425190566788,3.8307958209870603,6.215930821428283,5.433024862642,0.0,0.0
South West Wiltshire,19.84613868717131,22.161552555764832,35.761440776473805,5.07648420864852,10.076533195163758,6.600792151734574,0.4770584250432,0.0,0.0
Southampton Itchen,34.069785255549334,22.470086265903795,25.02321813484383,4.493509673328305,4.676222620089218,8.930102850285511,0.3370751999999999,0.0,0.0
Southampton Test,39.021816959225795,15.483162293913649,21.863572367770544,3.6340945405158855,6.376383338791642,12.03274649978248,1.588224,0.0,0.0
Southend East and Rochford,32.725744852245256,16.477535360431315,32.94646180298026,4.575079662870992,3.9891152887621733,8.428802232709995,0.8572608000000002,0.0,0.0
Southend West and Leigh,30.20335788571327,17.172250696303188,34.82732105277455,4.225875668471043,4.547531948155434,8.404529948582509,0.6191328,0.0,0.0
Southgate and Wood Green,44.075621220450415,18.79457672846023,9.35697311100686,1.4520058270948677,8.100309371680092,15.91051374130754,2.31,0.0,0.0
Southport,33.177255726490834,12.616684622364424,34.07181071706238,4.711966065118412,8.385126797746157,6.427912712593793,0.509243358624,0.0,0.0
Spelthorne,23.7678153164178,26.88554240473272,26.524494156041097,3.484511313741812,12.090511020323081,6.971002908743492,0.27612288,0.0,0.0
Spen Valley,33.08217392810728,20.677916788401895,29.896423622887564,5.445171112644599,2.3367305435825525,6.815065604376126,1.7465184000000002,0.0,0.0
St Albans,8.725169679864075,24.439688159522376,11.062225578076635,2.1920128293429726,41.88708065464355,11.429823098550392,0.264,0.0,0.0
St Austell and Newquay,29.69747708860739,16.678546136222707,35.050628448834324,5.750034138106607,6.477430160060359,6.290502646834216,0.0553813813344,0.0,0.0
St Helens North,38.11308866555013,7.606951233358306,34.59608059707149,6.073329490158307,3.781041461769864,9.393172552091917,0.33633599999999997,0.0,0.0
St Helens South and Whiston,41.5702374680206,2.7445592474865874,35.314148069545,5.052149138,4.0904022042816415,8.457930356106415,2.670573516559764,0.0,0.0
St Ives,3.627770974300855,16.266941374462334,24.029501118546676,4.454140000000001,42.01706792379444,9.3773246842657,0.22725392462999447,0.0,0.0
St Neots and Mid Cambridgeshire,11.273110111481241,18.538719207359765,25.224320672597685,3.2199931816312786,33.395775311658284,6.840111238782541,1.5079702764892027,0.0,0.0
Stafford,32.00367763255946,23.25971744709148,29.610102675912884,4.777425329684595,2.4744625263034172,7.449785588448169,0.42482880000000006,0.0,0.0
Staffordshire Moorlands,23.05191473663502,29.319859457701043,33.1597016280162,5.88480344169167,2.2951159539988053,6.288604781957266,0.0,0.0,0.0
Stalybridge and Hyde,36.67033666320213,11.605414580353473,32.37163849492491,5.291452359264113,2.304347742289347,8.960446686062033,2.796363473904,0.0,0.0
Stevenage,33.578570055743036,22.611275206666285,26.122400883989034,4.2637938576676,5.219622824285684,7.85987637164835,0.1444608,0.0,0.0
Stirling and Strathallan,18.2437497378148,11.604941067264996,16.23089058153283,2.536385878330484,4.7930797630680875,11.69239716469421,0.0,34.8985558072946,0.0
Stockport,40.858991073853446,8.976113416015638,25.438284246260324,4.12575096397225,6.170880431426548,12.345435868471787,2.0845439999999997,0.0,0.0
Stockton North,36.03683046687445,12.430715153058301,36.21559756380043,6.209479975882549,2.181176505269787,6.926200335114475,0.0,0.0,0.0
Stockton West,27.543650635086177,37.142859879515036,24.667209292413855,4.035138785574572,1.769739816957657,4.259439990452677,0.5819616000000001,0.0,0.0
Stoke-on-Trent Central,37.08075439053385,10.72409097024016,32.75877931780307,5.924109885964897,2.170736857931777,7.349640577526247,3.891888,0.0,0.0
Stoke-on-Trent North,33.881469102333135,14.782530877056747,37.05102697258754,6.41335942190166,1.8416837397848802,4.540441886336025,1.4894880000000001,0.0,0.0
Stoke-on-Trent South,29.043067036665214,23.7168023251139,33.08890088604802,5.773491851631516,2.515325665126718,4.063097035414631,1.6993152000000002,0.0,0.0
"Stone, Great Wyrley and Penkridge",30.37500301006013,24.0768963487264,28.67742269571688,3.430991714754371,4.1516994517503845,6.67721982920635,2.6107669497854884,0.0,0.0
Stourbridge,31.439017503907355,22.969733399426033,30.895823807039243,5.145186109766101,2.683765431712041,5.591987348149219,1.2744864000000002,0.0,0.0
Stratford and Bow,45.5583250492055,8.98795788830448,3.865305417696213,1.0239913353037864,5.194299323898348,20.71812098559167,14.652,0.0,0.0
Stratford-on-Avon,4.731686272317967,27.623601498808426,20.54830910109936,3.869545104733594,38.05954271362399,4.867147941115863,0.3001673683008,0.0,0.0
Streatham and Croydon North,43.81094262367395,14.130390543506794,6.321617113838332,1.2546240968758888,11.058294858402794,21.444130763702237,1.98,0.0,0.0
Stretford and Urmston,39.26594110155301,14.319857443414522,19.016578588750782,3.2963557927251825,5.270658579083806,11.96660849447269,6.864000000000001,0.0,0.0
Stroud,34.93103291914695,16.916006577262923,28.417458574433404,4.137093089250981,4.020667194643817,11.225641391268324,0.3521002539936023,0.0,0.0
Suffolk Coastal,25.833233455954673,24.533599595206784,26.799706020258565,4.707457699505186,8.052780954991938,10.073222274082852,0.0,0.0,0.0
Sunderland Central,33.97091785202231,11.32140882962975,34.05631514424488,5.823557691434534,5.924232688518475,8.903567794150058,0.0,0.0,0.0
Surrey Heath,4.254740411016415,25.010522256161313,24.04576977243311,3.097202317543264,37.97884410480022,5.499506738045678,0.1134144,0.0,0.0
Sussex Weald,11.969084111010368,28.12481097784013,31.432099988744238,4.166543298520532,13.360631741052043,9.519955977424692,1.4268739054080002,0.0,0.0
Sutton Coldfield,25.595706542694057,38.89044593111024,20.870596852366294,3.227677080403802,3.8254408532236757,6.8391055402019205,0.7510272,0.0,0.0
Sutton and Cheam,11.451455614743608,29.702733684855094,17.13546697285654,2.327367828081905,32.59467427207759,6.420623547385261,0.3676780799999999,0.0,0.0
Swansea West,19.69252758900973,6.141824021495577,18.892079531080775,4.965362734573429,8.354614257639083,14.475174036839764,0.12178944,0.0,23.94323043509593
Swindon North,32.357817125596576,22.833774814611367,29.816156768753856,4.68370018506439,3.126744712608036,6.756977593365786,0.42482880000000006,0.0,0.0
Swindon South,38.929855892689396,17.99997772627793,26.55781068904757,4.02353164345421,3.068311380572559,8.874560667958333,0.545952,0.0,0.0
Tamworth,27.913965950923977,23.897644648729315,34.90178436406724,6.105805121495262,2.191281726440163,4.682893989672044,0.306624198672,0.0,0.0
Tatton,26.08742260449204,39.533523015260194,17.84399076745384,3.123058647758283,5.778479765111706,7.633525199923938,0.0,0.0,0.0
Taunton and Wellington,4.49459388515843,14.23408589374975,29.15349409721013,4.657652264597969,40.24830905756404,7.0360408017196825,0.175824,0.0,0.0
Telford,35.67217703841335,13.683562655554548,34.5891777995544,6.033049802367447,2.869018887104343,7.053013817005912,0.0,0.0,0.0
Tewkesbury,5.489787150898067,14.559021992602698,31.43209897344753,3.9925990060363015,36.37381150115358,7.930076575861819,0.2226048,0.0,0.0
The Wrekin,25.744455883107168,28.95937096390948,26.773086205123775,4.823642132056895,5.6725378640379684,7.516964551764719,0.5099424,0.0,0.0
Thirsk and Malton,19.256595171382752,31.143984163033,29.824386152157313,5.144786583872654,6.808189646975341,7.398537043767538,0.423521238811403,0.0,0.0
Thornbury and Yate,5.489288511285414,20.10431811198226,31.08970025392392,4.276269485477407,33.126861222602884,5.913562414728128,0.0,0.0,0.0
Thurrock,37.241081591335885,16.665310973572815,30.927704184955562,3.903961928538057,2.8914390324712906,6.7973822891264,1.47312,0.0,0.0
Tipton and Wednesbury,32.71799273571295,20.85874151194495,29.882780972448423,5.663260057742352,1.8594572317614473,6.6576074903898785,2.36016,0.0,0.0
Tiverton and Minehead,5.250026898265737,20.738195189281235,29.907480963994303,4.956261194042834,32.28020699032243,6.867828764093451,0.0,0.0,0.0
Tonbridge,13.130926375889096,39.90820916037417,19.75311836065596,3.7932174829716496,5.778801816033816,16.545777489899283,1.089949314176,0.0,0.0
Tooting,46.69441795460224,17.51253538724334,9.781113711778712,1.3356673053724055,8.13565649285187,14.824609148151431,1.7160000000000002,0.0,0.0
Torbay,4.669976033531764,10.280895949207606,39.56595906282999,5.472135545237819,33.34599742560073,6.382555983592111,0.28248,0.0,0.0
Torfaen,19.98464753429801,14.755251211396844,25.378037019627353,6.560022189986241,3.01294825,6.601399573766503,0.8029055999999999,0.0,22.90478862092506
Torridge and Tavistock,14.528791165376717,24.28148427721577,33.73178060626566,5.20482736799538,15.428221172380557,6.72901006058992,0.095885350176,0.0,0.0
Tottenham,49.05350938991365,8.798529234450417,5.140364904247436,1.02060918627846,6.373433928574574,23.673553356535443,5.94,0.0,0.0
Truro and Falmouth,34.06861548298498,17.2113938836146,26.51413685235141,3.913629719901514,8.180728320817563,9.771134620667528,0.24036111966239998,0.0,0.0
Tunbridge Wells,7.165036238118868,23.526874188615324,19.898640178260127,3.266513804122949,38.56882644632592,6.939875544556794,0.6342336000000001,0.0,0.0
Twickenham,10.95189190017995,20.976263345915445,11.736221967111923,1.7677465850917584,41.723187194570585,12.44868900713034,0.396,0.0,0.0
Tynemouth,39.67315698386581,13.071320198382226,29.023997305043046,4.300393610879192,4.17920906101987,8.712232091593481,1.0396907492163645,0.0,0.0
Uxbridge and South Ruislip,31.280666771655913,37.598425409012336,13.891305913040087,2.038695259470105,2.987795550854905,11.57848709596666,0.6246240000000001,0.0,0.0
Vale of Glamorgan,18.534558532777186,27.78523106586085,16.586737790104507,4.678181749096544,2.17219625,6.777093810832797,0.5347968,0.0,20.004894354493466
Vauxhall and Camberwell Green,49.80261620809101,8.777929800243541,5.205858895412036,1.33621130434442,11.821106842397336,22.726276949511657,0.33,0.0,0.0
Wakefield and Rothwell,37.17290025482856,12.494833658239376,30.580692967308337,5.235696109265529,5.319276142528557,7.379752867829634,1.8168480000000002,0.0,0.0
Wallasey,42.750618960926715,4.906312199317455,32.96316910005249,5.006269298,3.6187734135282277,10.223113685327117,0.43174334284800003,0.0,0.0
Walsall and Bloxwich,38.50537536313468,15.955701604748906,21.161722172887483,4.162133113087799,2.1167001463664823,7.973439599774645,10.124928,0.0,0.0
Walthamstow,49.33213003662841,8.552006919549424,7.2270799805875505,1.2033475547236536,5.417096170215347,23.120339338295608,5.148,0.0,0.0
Warrington North,35.1461848184241,12.746530185706687,32.742410008175135,5.668591564241127,4.797130178655547,8.116055789757395,0.68309745504,0.0,0.0
Warrington South,35.926136614903946,17.913510798226017,27.97590382335637,4.33932466146824,5.158804553905828,8.151402748139594,0.5349168000000001,0.0,0.0
Warwick and Leamington,38.54887446619006,21.12304810605307,17.923504921611876,2.956701697141229,5.68097213991821,13.618002669085563,0.148896,0.0,0.0
Washington and Gateshead South,35.54260085393659,8.700559981092388,37.43329782830055,6.969497126112992,3.1729908134866895,7.862979240670798,0.31807415640000003,0.0,0.0
Watford,33.55584636419343,31.503544488786353,11.305176859486881,2.2953617008218123,10.197652258967832,8.067346327743689,3.075072,0.0,0.0
Waveney Valley,7.615262551833664,20.142736183465665,22.482109033883344,4.968976598983664,2.198111189166794,42.46080444266688,0.132,0.0,0.0
Weald of Kent,17.605742354986674,39.841425558,21.62696998319952,4.273976428827132,6.264466928841029,10.287418746145647,0.0,0.0,0.0
Wellingborough and Rushden,32.07674650377092,20.981681867466577,30.731264660987208,5.414854555738506,2.5403657789177796,7.871867433119004,0.2832192,0.0,0.0
Wells and Mendip Hills,6.500265140946951,20.577008071526073,20.086937691999314,4.103909999548288,41.577399805768486,6.646092684397597,0.4083866058132902,0.0,0.0
Welwyn Hatfield,32.93906648403235,35.224804957637346,16.591330659179633,3.0891454204688182,4.125669629386286,8.029982849295555,0.0,0.0,0.0
West Aberdeenshire and Kincardine,6.032582071545033,32.25169478441242,12.436078634898907,2.698814233257208,12.316412323084208,6.306776725978505,0.07732800000000069,27.880313226823713,0.0
West Bromwich,39.60151728384106,20.21984303179107,19.860943304423504,3.780830515272392,4.230811266390992,9.006054598280981,3.3000000000000003,0.0,0.0
West Dorset,4.734644230637516,16.27969924945686,24.357241280117243,3.02513356770029,43.51077152961254,7.675663873835538,0.31684626864,0.0,0.0
West Dunbartonshire,23.39910348563676,3.9496726616532465,21.846926748317617,4.820901529293453,2.869085736914169,8.991564926499242,0.3456,33.777144911685504,0.0
West Ham and Beckton,45.93846205370948,10.977479521442609,7.243532918930631,1.0206284623084156,5.440590273441887,15.089306770166978,14.19,0.0,0.0
West Lancashire,34.97659137033738,15.00737409969026,28.81174530128279,4.859771210882467,3.6319678155312727,12.712550202275827,0.0,0.0,0.0
West Suffolk,21.9880150696489,29.24590425024571,29.016152495006118,5.126427282028966,6.056971575045994,7.915353750312315,0.6511755777120001,0.0,0.0
West Worcestershire,9.365746981754846,28.16014151889042,27.615515289126424,4.06329661722889,20.113791396590226,10.334191602745184,0.347316593664,0.0,0.0
Westmorland and Lonsdale,4.094847120000001,20.68922574826503,23.030929814126207,2.975364,38.53940925371147,10.455769983897296,0.21445408,0.0,0.0
Weston-super-Mare,31.365872984183877,12.453727761322675,37.346177223373154,5.284077852407452,5.858528082099722,7.691616096613125,0.0,0.0,0.0
Wetherby and Easingwold,21.912387300086884,37.76312857087115,19.807263194222116,3.64884707125121,5.703288688637572,10.110563718931065,0.954521456,0.0,0.0
Whitehaven and Workington,35.28318936261687,10.43682736575709,38.262332901623,6.442255041140842,2.5068891963194617,7.068506132542729,0.0,0.0,0.0
Widnes and Halewood,41.62046405083117,6.031755385926891,34.06640667112095,5.48450158526907,3.6405078706031326,8.83144761916079,0.324916817088,0.0,0.0
Wigan,42.50042135487724,6.328432670121904,33.75265045260216,6.114671200492387,3.119288867757075,5.60379408838199,2.480741365767244,0.0,0.0
Wimbledon,12.4936519,30.728936654796474,5.138049743299758,1.3700220724161614,40.60813376809294,9.039749861394656,0.621456,0.0,0.0
Winchester,3.4672635139103156,24.350468124522784,15.94228104206166,2.7097588829546515,44.762058135345015,8.315993431797581,0.45217686940800006,0.0,0.0
Windsor,19.437394946749173,39.52108425499742,13.849918748318771,2.3788522772735328,14.026889889960527,7.908259882700577,2.8776,0.0,0.0
Wirral West,36.45152491945032,15.83226187838982,30.68602188429483,3.6808060494810655,3.999388662260028,9.349996606123923,0.0,0.0,0.0
Witham,19.403568518998323,37.86975833070881,24.102939728120358,4.763900034688629,4.545235955829691,8.402152167545445,0.9124452641087524,0.0,0.0
Witney,6.047703798266286,23.894953307427652,23.882194834344922,3.822306496113368,36.137644558399295,5.790142290299669,0.4250547151488,0.0,0.0
Woking,5.596607984441466,28.126916158063974,13.389579290987577,2.597690260736756,42.76239200292584,7.250990302844382,0.175824,0.0,0.0
Wokingham,4.245915142285828,28.499502275646982,17.14948529085876,2.4230085188366424,41.4279274885902,6.254161283781577,0.0,0.0,0.0
Wolverhampton North East,35.34992810804475,16.575711213887647,33.42276290801653,5.370367198502267,2.6645217428220302,6.616708828726769,0.0,0.0,0.0
Wolverhampton South East,40.40992309948199,16.650166307722824,23.63408396902956,5.026180302761278,3.040165751702651,9.357480569301702,1.7820000000000005,0.0,0.0
Wolverhampton West,41.547204850267704,24.331019985205508,15.683648632892034,3.1182079845490414,3.212993107609454,8.880845439476268,3.22608,0.0,0.0
Worcester,33.29411565682522,13.76369559861315,30.829496561219415,4.387690995815055,5.63306352278029,11.663307264746892,0.4286304000000001,0.0,0.0
Worsley and Eccles,37.790222462264744,14.427973820711115,28.05219273448757,4.917460571194767,3.399767194812819,10.086575216528992,1.3258080000000003,0.0,0.0
Worthing West,32.49166516334716,16.91803510986369,34.733937200455465,4.1389673812788335,3.567121457296611,7.7168944877582435,0.33337919999999993,0.0,0.0
Wrexham,18.619564530385475,22.636508352642256,19.113703142541212,5.446150430053045,2.730761,5.311732124390225,0.3273216,0.0,23.79984960268309
Wycombe,37.37341996185645,25.932134367236852,13.184086213570065,2.6164407478685194,6.202573197795588,8.111409511672521,6.579936000000001,0.0,0.0
Wyre Forest,24.777494312856014,22.78783773325413,34.914448754139165,5.776729225276734,3.9850497216856335,6.704300641934334,1.054139610853986,0.0,0.0
Wythenshawe and Sale East,39.63204551584421,12.13631033284669,24.42765153469502,4.125517727479787,5.163985322073724,12.732489567060554,1.7820000000000005,0.0,0.0
Yeovil,4.274320565722692,13.977727165415574,27.896730037709915,5.1776351638017015,40.277152294471655,7.9767771291664555,0.319657643712,0.0,0.0
Ynys Môn,9.732880455516383,29.632352026008537,10.396358473846163,4.260761070637234,1.06439125,3.6990305027517296,0.21696,0.0,40.99726622123994
York Central,38.74852526577091,6.184221062339489,22.561440163707825,3.4725719177261505,4.774076734937612,23.677892855518028,0.48127200000000003,0.0,0.0
York Outer,32.97015754251953,22.71499909059723,24.679724066205786,3.8604989916458328,7.033290667378631,8.377403175681783,0.3639264659712,0.0,0.0
