Seat,Labour,Conservative,Reform,LibDem,Green,Oth,SNP,Plaid,Restore
Aldershot,31.29247033335722,26.818763047628323,23.5166690115597,6.909929215007295,6.860227741749736,0.396,0.0,0.0,4.105940650697736
Aldridge-Brownhills,22.41459996153805,29.38596298406491,32.93209774482237,3.866062268164354,5.998899629062967,0.0,0.0,0.0,5.402377412347349
Altrincham and Sale West,30.947112923506076,32.59947673753042,15.659167764297003,8.012234784651188,9.419979504662098,0.792,0.0,0.0,2.4700282853532047
Amber Valley,27.120100463417465,20.095552602749102,35.552301063546054,3.0788691871467,7.166148237890637,0.0,0.0,0.0,6.987028445250036
Arundel and South Downs,14.020722996989566,36.83597934989012,19.574838380435327,14.049662768508492,11.773116479613575,0.19215031999999996,0.0,0.0,3.5535297045629175
Ashfield,29.4678139128657,8.046424723000001,42.25721185303023,1.5262886352120857,4.865908779175053,6.1093306167677754,0.0,0.0,7.7270214799491646
Ashford,25.91028568463082,23.593860812919104,28.368868622175032,4.529741371727162,11.163835894763453,1.6516804800000002,0.0,0.0,4.781727133784434
Ashton-under-Lyne,35.874589442300575,12.526788594939008,27.73065873628633,3.5482270808571497,9.59709116268346,5.28,0.0,0.0,5.442644982933482
Aylesbury,23.94467400080045,24.976130313613435,22.68403678741562,16.472338543980857,7.614208333410398,0.8580000000000001,0.0,0.0,3.450612020779234
Banbury,28.616551799164593,24.397419250558958,24.516349965677517,7.582880702432052,8.902881000606833,1.7160000000000002,0.0,0.0,4.167917281560049
Barking,42.93707237549752,11.80321234406176,13.838206451980945,3.8288894318408566,17.253727191168135,8.646,0.0,0.0,1.6928922054507958
Barnsley North,38.32247214142821,7.606228629545197,36.05306667092165,3.6783606414281893,6.83709330153583,0.38210528400000005,0.0,0.0,7.12067333114093
Barnsley South,35.81610310896203,8.71276209238792,37.29278662593988,3.0883067625739145,6.98175000067635,0.398397912,0.0,0.0,7.609893497459906
Barrow and Furness,29.86331510122405,19.10792914826113,33.360113594307144,3.7359657607179533,7.97626277197122,0.26488611599999995,0.0,0.0,5.691527507518494
Basildon and Billericay,24.2708074255371,22.402389499657254,36.071910156516296,4.6679268799558296,6.730283007929327,0.8580000000000001,0.0,0.0,4.898683030404195
Basingstoke,31.831097784010794,23.091428695485117,24.667084295533435,5.723519003347095,9.978672189559385,0.792,0.0,0.0,3.916198032064199
Bassetlaw,28.801670064976925,19.103279392545968,33.92398571773854,3.8914610183315888,7.933737296809229,0.0,0.0,0.0,6.245866509597756
Bath,18.252511636089825,16.530131930960074,14.358558120395966,29.296048644879168,18.08081537782086,0.9995605620000001,0.0,0.0,2.4823737278541143
Battersea,42.80087736162681,24.06874074859021,5.846551626001679,9.931643336511529,14.225479301861656,1.7820000000000003,0.0,0.0,1.3447076254081134
Beaconsfield,14.011691618854822,31.451388348441334,22.19710030444416,21.503,6.702,1.32,0.0,0.0,2.814819728259678
Beckenham and Penge,39.822734218704625,24.9687861480914,14.837311924671432,7.744876899472757,10.542082926145547,0.0,0.0,0.0,2.084207882914239
Bedford,37.09608128720723,17.565828132435904,20.9362931907527,8.504059091819101,8.76609454691056,3.96,0.0,0.0,3.1716437508745132
Bermondsey and Old Southwark,38.99446230211541,10.83906621141806,7.720095589346091,17.71991694702065,21.79655453944588,1.6500000000000001,0.0,0.0,1.2799044106539026
Bethnal Green and Stepney,41.690617193158644,5.883926463484352,3.143836993946485,5.7048414844438335,20.46090866036628,22.242000000000004,0.0,0.0,0.8738692046003906
Beverley and Holderness,27.051080040152396,26.60410975894927,29.798880872329576,6.024660603327688,5.203456965324301,0.26398818599999996,0.0,0.0,5.05382357391677
Bexhill and Battle,23.274018236872525,27.983228726501544,26.470382881796965,5.897981576722912,8.290736936011882,3.7445343222761123,0.0,0.0,4.339117319818063
Bexleyheath and Crayford,28.892375728509975,25.766150220795076,29.5286148344557,4.880384792164609,7.335015667463373,0.0,0.0,0.0,3.597458756611279
Bicester and Woodstock,13.629046316881698,22.658433473632325,22.529552721648745,28.973012727610005,8.23273695288897,0.396,0.0,0.0,3.5812178073382546
Birkenhead,37.94895575569501,4.122439580997385,26.412608617350937,4.963039248659094,21.929414281297568,0.528,0.0,0.0,4.095542516
Birmingham Edgbaston,40.73306059642013,22.415994100442987,11.9003850746433,5.7427950800318435,11.021892791219063,5.8740000000000006,0.0,0.0,2.3118723572426676
Birmingham Erdington,37.41390625635007,16.01889115348249,24.28386083627702,3.604832869798038,10.004779677757206,4.488,0.0,0.0,4.185729206335157
Birmingham Hall Green and Moseley,40.13834266507708,10.371333683751363,4.642688380119384,7.394574508704028,13.843646374886854,22.242000000000004,0.0,0.0,1.2674143874612949
Birmingham Hodge Hill and Solihull North,35.068766485924634,13.8736415672559,18.627347247183156,2.826396340344398,8.628795858763239,17.556,0.0,0.0,3.419052500528661
Birmingham Ladywood,45.52929486808494,6.1,3.153814598474194,1.8922321525531762,20.56647297936189,21.912000000000003,0.0,0.0,0.8461854015258061
Birmingham Northfield,31.134917328583168,22.053702069184634,26.662467264265405,4.399269653079026,9.68603144492644,1.1880000000000002,0.0,0.0,4.8756122399613195
Birmingham Perry Barr,42.63568817435362,11.990801880710125,5.396257777296485,4.107015874537141,9.620494070399115,25.146,0.0,0.0,1.1037422227035063
Birmingham Selly Oak,35.74987350607741,15.804938348701816,16.35062907668177,5.415877763629526,18.582999875055734,4.884,0.0,0.0,3.1116814298537547
Birmingham Yardley,37.98094975019815,11.987745723869141,11.772370639763608,8.468156693272388,7.781242710118766,19.338,0.0,0.0,2.6715344827779406
Bishop Auckland,28.53342050077204,21.416772597141602,31.48992836375008,3.5978943946666737,8.337999218084708,0.19452991799999994,0.0,0.0,6.329455007584896
Blackburn,31.7310884773772,8.009349562901589,13.434534467849277,1.860547387470605,11.327443542375743,30.69,0.0,0.0,2.9470365620255783
Blackley and Middleton South,44.63352597116806,10.618308776811398,22.54138412750504,5.05539764551772,13.164815369055352,0.0,0.0,0.0,3.9865681099424246
Blackpool North and Fleetwood,30.68010183463517,17.626700334948108,38.097475213933606,2.76567298231879,4.461876771710063,0.33275444400000004,0.0,0.0,5.935418418454263
Blackpool South,36.323992050397166,12.954339867374333,35.35472053137714,2.743555728411828,5.223689165458924,0.8580000000000001,0.0,0.0,6.5417026569806
Blaydon and Consett,34.02552463141547,14.30601688441481,31.179577695936263,5.3090349345292,8.867605120780171,0.198,0.0,0.0,6.0142407329240894
Blyth and Ashington,34.2885657658398,11.263097642466414,35.35098478094827,3.27450088300739,9.088381188766695,0.0,0.0,0.0,6.73446973897144
Bognor Regis and Littlehampton,23.44883561931157,17.093154440406796,38.81750563015089,8.447534255262973,6.232454808420758,0.5159910360000001,0.0,0.0,5.444524210447007
Bolsover,27.77508656735668,17.399032286050787,34.33955639435967,3.821489122798119,9.93633992138258,0.0,0.0,0.0,6.628495708052169
Bolton North East,31.119656075918478,21.67328190771423,23.668229272288308,3.197778166126705,12.444696082546479,3.168,0.0,0.0,4.7283584954058
Bolton South and Walkden,38.978699813899865,11.52908191240591,23.015616693901777,3.483017025981816,9.518623273974681,9.108,0.0,0.0,4.366961279835955
Bolton West,31.151728512274413,25.640925511509483,23.93936413647142,3.7610561899137176,10.761108498925472,0.33,0.0,0.0,4.415817150905481
Bootle,43.347525439251655,4.564797092120202,32.092732794614925,3.5104696281689387,11.710627094276994,0.621111064,0.0,0.0,4.052736887567282
Boston and Skegness,16.592524849688232,21.6101267247832,46.18308792012729,2.910542005872803,4.736467209396485,0.651536292,0.0,0.0,7.315714998131993
Bournemouth East,33.5277501737678,17.582354849805625,28.980281057788435,5.9998196664417796,8.501311466306847,1.713291822,0.0,0.0,3.6951909638895217
Bournemouth West,28.342512520132175,24.219684910653243,25.061053337138798,8.931399948218479,8.799839917149566,0.5940000000000001,0.0,0.0,4.051509366707728
Bracknell,26.53953345274379,27.072854391986365,25.618880657063304,8.880666377224905,6.9646662035598474,0.99,0.0,0.0,3.833398917421791
Bradford East,41.37759555357376,9.956877799444854,12.397204331797965,4.45723085870692,10.822340892892209,18.150000000000002,0.0,0.0,2.8387505635842887
Bradford South,33.280346532098044,14.477732047828038,23.729166210398546,2.7200808107127097,11.755119552551406,9.174000000000001,0.0,0.0,4.863554846411256
Bradford West,42.243731500287446,8.316636557074165,6.779180195902905,2.0763108936624954,12.547957606050057,26.532000000000004,0.0,0.0,1.5041832470229308
Braintree,22.48983686054516,28.907563341670464,30.745815002248037,4.856637909409595,7.292220655055352,0.454433694,0.0,0.0,5.253492537071381
Brent East,48.92048771102583,17.93944753825754,4.64924223121484,7.190504096324726,13.921008192649452,6.468000000000001,0.0,0.0,0.9113102305276145
Brent West,36.95878436710869,33.902369753139915,4.509760045037656,6.851375047918972,12.807840584972336,4.422000000000001,0.0,0.0,0.5478702018224251
Brentford and Isleworth,40.9892519644978,24.175899335462955,8.101363229923793,8.128644927530488,12.42886074139323,4.686,0.0,0.0,1.3899798011917397
Brentwood and Ongar,18.101290586531384,34.236359700028736,28.802525224953577,9.633544095152434,5.459670552243893,0.264,0.0,0.0,3.502609841089972
Bridgwater,21.713734338335506,15.447780535601854,39.00283286898929,11.276263489098435,5.951621582557495,0.3719002980000001,0.0,0.0,6.2358668874174175
Bridlington and The Wolds,23.562749562665303,23.07919337579746,35.919134854153015,5.814601409307356,5.082162254891769,0.31502558999999997,0.0,0.0,6.227132953185099
Brigg and Immingham,22.33766196803002,30.694180450310583,32.163048175783956,2.8482133385096455,5.640833678193651,0.0,0.0,0.0,6.316062389172135
Brighton Kemptown and Peacehaven,33.983419822156634,8.370601658369278,22.860186921126214,7.98727162961516,21.749184412384253,1.7820000000000003,0.0,0.0,3.167335556348455
Brighton Pavilion,22.93652271418259,3.0139176,10.857186935634816,3.324085370839459,57.159435843343125,0.792,0.0,0.0,1.9168515360000002
Bristol Central,27.866185010060406,3.1674401,4.699011113879193,3.5695750769463093,59.40963031311409,0.33,0.0,0.0,0.958158386
Bristol East,34.042147211794834,4.521871268260166,19.168798410546852,5.698698327270975,31.63157760146742,1.4520000000000002,0.0,0.0,3.384907180659748
Bristol North East,35.169932767204614,10.407562692655155,22.75703851298169,4.778213488916147,20.616250598274316,2.442,0.0,0.0,3.8290019399680784
Bristol North West,36.87634515805286,10.907547993083465,21.514248050819702,7.712035019914895,19.4439041110296,0.33,0.0,0.0,3.215919667099481
Bristol South,32.07035136699726,3.6619547055409134,27.12597173299711,5.557156292521837,26.784523918575104,0.264,0.0,0.0,4.5360419833677605
Broadland and Fakenham,22.178739266474842,29.776580710438143,25.653505581137836,9.25000373431846,8.170056188350856,0.0,0.0,0.0,4.971114519279871
Bromley and Biggin Hill,26.483101731992015,28.65061451040995,26.461582177880707,7.887899695615986,7.851839512985578,0.132,0.0,0.0,2.4329623711157558
Bromsgrove,23.295143013768914,28.05357825997269,27.273922575985473,11.531186288551742,4.998698061682791,0.571610028,0.0,0.0,4.275861772038389
Broxbourne,24.182550907964313,28.198154146155748,29.97358493232628,5.51074028841184,7.712384461458944,0.396,0.0,0.0,4.026585263682874
Broxtowe,31.24086293141068,18.95468676928806,26.219324829503073,6.594632847309698,10.980480985515243,1.483404912,0.0,0.0,4.526606724973249
Buckingham and Bletchley,29.83580039189775,30.541558490212058,19.67930326073161,7.597185703325831,7.864252561487042,0.66,0.0,0.0,3.7218995923457068
Burnley,24.82898115218191,17.42380528225725,26.120923482703876,13.467693288199458,11.992930578990244,0.99,0.0,0.0,5.075666215667265
Burton and Uttoxeter,28.564622719704214,25.158205063158082,28.657007425702588,3.163745663304088,6.1196442044927135,2.97,0.0,0.0,5.366774923638331
Bury North,35.722264565856506,22.75472031844228,25.2512241307591,2.6474272534753833,5.382958340787721,4.026,0.0,0.0,4.215405390679015
Bury South,32.970957164168595,26.901475633211476,17.950221508961963,4.815347523338229,10.863051055509604,2.64,0.0,0.0,3.858947114810124
Bury St Edmunds and Stowmarket,25.44155321820124,22.775530820857906,27.246780433793496,5.1594589708466305,13.13182014335461,1.380182736,0.0,0.0,4.7646736769461215
Calder Valley,31.73079055422236,23.214698995452764,25.417322928853046,5.126538647277106,9.307123862723193,0.792,0.0,0.0,4.411525011471531
Camborne and Redruth,30.665300069363226,17.73350153394518,30.313924592491283,7.190075121192629,8.41412718979658,0.15318633,0.0,0.0,5.429885163211101
Cambridge,33.80976145603226,10.373447555607807,10.228000752523759,16.526848383772176,24.945014285622513,3.168,0.0,0.0,0.9489275664414848
Cannock Chase,27.10517011464342,22.584565048892493,35.19505699533758,2.1323834805273023,6.319413568843684,0.0,0.0,0.0,6.663410791755512
Canterbury,32.260330162408955,23.13197722680607,19.386514333499623,6.841296935752485,14.715149516528799,0.396,0.0,0.0,3.2687318250040636
Carlisle,29.516796776366174,17.754278821188258,34.01138279649808,5.258342327572769,6.9328027788299,0.5528769179999999,0.0,0.0,5.97351958154481
Carshalton and Wallington,11.924942716431008,26.31949418772752,18.06344734307554,31.796085324093692,8.024140257811709,1.056,0.0,0.0,2.8158901708605244
Castle Point,18.12143253921232,24.01867131595074,42.913295244129664,2.812846811238401,6.285754897981442,0.0,0.0,0.0,5.847999191487438
Central Devon,22.990923245620035,28.98869498629438,22.94800215547777,12.588952748580693,7.902196733260157,0.22293949094448579,0.0,0.0,4.358290639822468
Central Suffolk and North Ipswich,18.31539663753013,26.935124317213763,26.248726600639745,9.182248451683861,13.71348242269418,0.792,0.0,0.0,4.813021570238314
Chatham and Aylesford,26.856626747324032,21.83119542172442,32.04604247356274,4.711157897856611,8.075052636570577,1.32,0.0,0.0,5.159924822961615
Cheadle,12.986483757295858,23.74972382227215,17.91806533678102,34.65251519055708,6.811644026690145,1.1880000000000002,0.0,0.0,2.6935678664037352
Chelmsford,11.075034449703196,21.451768997292135,26.59434627832333,29.647908972280035,6.943959698789697,0.792,0.0,0.0,3.494981603611606
Chelsea and Fulham,34.638547974981186,40.079439725108166,5.912128303646224,7.586484008339604,9.676968016679208,0.8580000000000001,0.0,0.0,1.2484319712456171
Cheltenham,5.614645388514674,16.559504359321114,25.885048014686355,37.00510580840559,11.565752702702781,0.9445791960000001,0.0,0.0,2.425364530369484
Chesham and Amersham,6.24585449000696,30.002555417810388,20.106310059334408,33.87189384897691,6.610085568722848,0.7260000000000001,0.0,0.0,2.4373006151484873
Chester North and Neston,35.621225391917655,17.557520573305638,25.42755438063803,4.385227119421682,12.942239493795945,0.0,0.0,0.0,3.9662330409210464
Chester South and Eddisbury,25.96232212604963,34.49188401737237,20.8285622918931,8.442576017697556,6.298260057926663,0.41005582200000007,0.0,0.0,3.4663396670606743
Chesterfield,34.67105607335939,10.611002611942707,34.53536847070937,5.140099668014104,8.672971469192797,0.62786361,0.0,0.0,5.741638096781628
Chichester,5.5099845901414595,21.80173152890024,24.687705426509794,35.520169369168855,8.016294956507052,0.264,0.0,0.0,4.200114128772597
Chingford and Woodford Green,33.79300323504721,29.46400922657844,14.084955318480297,3.106073269336083,5.72014017574519,11.752662708037285,0.0,0.0,1.9791560667754933
Chippenham,7.6341743460864375,19.365591196014968,27.201503095996994,33.288911090273956,7.8121347858652195,0.456190152,0.0,0.0,4.14149533376243
Chipping Barnet,35.21342632963129,36.65016499235627,10.263109432844345,5.009291304099616,10.44543832758028,0.7260000000000001,0.0,0.0,1.592569613488207
Chorley,12.22575237458426,5.581841300000001,27.714458503775997,0.0,19.04362403043329,35.43432379120645,0.0,0.0,0.0
Christchurch,16.082201802804786,20.28666296820497,36.36975978814374,15.473124167256996,5.76457361462519,1.26916199306998,0.0,0.0,4.654515665894326
Cities of London and Westminster,33.55333368528417,35.73344644537821,4.317263506498891,8.283965640630278,15.009406148707342,2.31,0.0,0.0,0.7925845735011058
City of Durham,28.920216777725628,13.281834728270097,22.295034298230828,11.487518905354213,19.412094979549646,0.264,0.0,0.0,4.339300310869589
Clacton,13.623724184827413,18.72427613320169,51.43279901904185,3.6456682535385463,5.182669205661673,0.306514032,0.0,0.0,7.084349171728809
Clapham and Brixton Hill,48.424488415277786,10.648322879695328,6.053469738903926,13.620907318364122,19.021725939674596,0.792,0.0,0.0,1.3390857080842402
Colchester,32.4983906585485,18.363217630267002,25.474881850582904,11.603301282499842,8.104082051999749,0.132,0.0,0.0,3.8241265261020034
Colne Valley,31.41034088463667,24.486566336383262,26.119528661501676,3.7518793344034043,9.245331605389175,0.66,0.0,0.0,4.226353177685812
Congleton,30.883933117391148,26.686435906043506,25.99646081240176,4.726153341839632,5.624882590276734,1.806947945809243,0.0,0.0,4.275186286237973
Corby and East Northamptonshire,30.33717028974703,21.128945453625967,30.007062337721848,4.074942571154777,8.758108920163032,0.425127186,0.0,0.0,5.2686432415873625
Coventry East,42.58447754544665,17.039318336786835,19.224977826581487,3.7480086467726563,10.359267044562126,3.2340000000000004,0.0,0.0,3.8099505998502297
Coventry North West,38.29940234791681,19.858863213419188,21.730319705247187,4.456747146665146,10.643091165622275,0.792,0.0,0.0,4.21957642112939
Coventry South,37.06827781783816,24.30841682166105,13.391274341992556,5.780764909421051,14.513394340612892,2.508,0.0,0.0,2.4298717684742845
Cramlington and Killingworth,35.68691423834398,17.041141943125687,30.142905475896136,4.125879954674826,7.197084917203326,0.44430632400000003,0.0,0.0,5.361767146756042
Crawley,31.588291913825678,26.663682509979793,21.551168562056418,4.351324619245901,7.763487397665847,3.8940000000000006,0.0,0.0,4.088044997226362
Crewe and Nantwich,33.614489722237344,16.386800314751664,31.664949783159138,4.1516443032638835,7.73336415822106,0.835359096,0.0,0.0,5.513392622366912
Croydon East,34.72012590264157,26.849992552344965,15.218103241600556,7.7585027479483335,13.136004396717334,0.0,0.0,0.0,2.3172711587472508
Croydon South,28.94729633777876,39.694601940618114,11.850814842577602,7.906511951405027,8.690019122248042,1.056,0.0,0.0,1.8547558053724549
Croydon West,47.492508579731506,18.630079824210565,5.231264426725774,9.690721515481949,15.324537807665516,2.508,0.0,0.0,1.1228878461846787
Dagenham and Rainham,34.95405908521059,17.443219629262256,26.076305177846237,3.405526492888447,13.917293088357185,1.254,0.0,0.0,2.949596526435288
Darlington,29.583230813262833,17.185145337334724,36.05953165529945,3.5644351963597978,8.365496314175678,0.0,0.0,0.0,5.242160683567504
Dartford,27.997634130994538,25.55642366517233,28.1919567935107,4.8146835173610505,9.833093627777682,0.0,0.0,0.0,3.606208265183707
Daventry,21.41498275390859,33.53234991506267,23.098285234924603,10.0470678819115,7.289025516681477,0.0,0.0,0.0,4.6182886975111614
Derby North,35.223477893635746,21.24336825011189,24.614770819803688,4.204024321925148,10.314080725320926,0.0,0.0,0.0,4.400277989202599
Derby South,36.28088220422722,14.310420553190339,23.491834801183302,4.64922643341625,7.616841330798503,9.702,0.0,0.0,3.94879467718438
Derbyshire Dales,25.658034338436714,30.256243594434814,24.28935683664873,8.068644043468087,7.091018298074435,0.249717336,0.0,0.0,4.386985552937228
Dewsbury and Batley,29.235780083498,11.02487919651912,15.055265102875772,3.0063179572640437,11.11273709463245,27.126,0.0,0.0,3.4390205652106145
Didcot and Wantage,12.229544989514249,22.391393306173917,23.52106202739565,29.744694435278127,8.22072081729089,0.264,0.0,0.0,3.5285844243471627
Doncaster Central,35.81392542922572,14.056834015344037,31.199035619908983,2.9986672690368064,7.777415615181711,2.64,0.0,0.0,5.514122051302746
Doncaster East and the Isle of Axholme,26.727095339544473,24.762719138503265,31.833653444343966,2.733535330851442,7.724599172465904,0.264,0.0,0.0,5.954397574290943
Doncaster North,35.23423668597979,9.31742922934839,37.970664902036106,3.744550207333776,9.253112964797927,1.82462072,0.0,0.0,2.655385290504016
Dorking and Horley,7.401091895802763,24.376125725441,25.233876206189173,31.49675868710641,8.23591528152969,0.0,0.0,0.0,3.256232203930966
Dover and Deal,31.066713222876864,18.934814047782723,30.398876379952576,4.507261363912296,8.274371697421559,1.0649369712685832,0.0,0.0,5.653026316785397
Droitwich and Evesham,17.305483397692736,27.630131320230696,32.564843960286986,8.161467939340135,9.079994577944214,0.33,0.0,0.0,4.928078804505237
Dudley,27.890093574699236,21.094704661114474,34.39749873110355,2.85846518296548,4.927544292744767,2.97,0.0,0.0,5.861693557372495
Dulwich and West Norwood,48.362967282958145,10.166488866806894,7.497211735150299,8.751924146841066,23.419652699759958,0.46199999999999997,0.0,0.0,1.3397552684836245
Dunstable and Leighton Buzzard,25.16407431757106,23.401781857115314,29.069193667665058,11.263077914495387,6.689324663192619,0.132,0.0,0.0,4.280547579960563
Ealing Central and Acton,42.61987559610395,19.66563285454953,5.7967868125974835,11.571740061596241,15.76097328170015,3.4320000000000004,0.0,0.0,1.1529913934526321
Ealing North,44.56477846032623,20.077070060022812,9.068943070800525,6.2175359994048565,12.915427147250373,5.94,0.0,0.0,1.216245262195202
Ealing Southall,45.56101134973575,16.424498470065753,4.697051927920825,6.624493081582244,15.873167199616253,9.636000000000001,0.0,0.0,1.0837779710791753
Earley and Woodley,30.734833495319172,27.461821061520492,13.907129925535074,11.02550299972329,13.236017173837606,1.122,0.0,0.0,2.5126953440643756
Easington,33.91765055525322,12.57749325268918,35.37405370053348,2.8631083845925493,7.815452598899506,0.475821508032062,0.0,0.0,6.97642
East Grinstead and Uckfield,17.89645542429682,23.995346991980256,21.110591240422167,16.736365744066866,13.21677216050698,4.646260848,0.0,0.0,2.398207590726901
East Ham,52.354782620792975,11.270585169453547,2.4679711545520666,3.2224247712692944,16.730530958484177,13.332,0.0,0.0,0.5217053254479337
East Hampshire,9.44816792403852,22.551166466972077,30.557968177087332,26.38012675814683,7.0752970891395135,0.31526814000000003,0.0,0.0,3.5720054446157277
East Surrey,18.243988706692228,30.069426612718782,25.347738080878983,14.15940725251657,7.895051604026511,1.0209856800000001,0.0,0.0,3.263402063166925
East Thanet,31.078494494173796,12.850378436741371,33.71213178368387,2.9825689309976973,12.577505869596314,1.471047072,0.0,0.0,5.2278734128069475
East Wiltshire,20.71655052005375,29.070566502227603,25.517459379337275,13.900619927094047,6.192591883350478,0.396,0.0,0.0,4.206211787936842
East Worthing and Shoreham,33.53324169997443,18.470267385774434,28.362492385823224,5.380305781701278,9.037859199197515,0.9447216239999999,0.0,0.0,4.271111923529116
Eastbourne,5.336984989771747,16.985108630291595,27.46501674176637,37.06435770214973,8.728809317653413,0.198,0.0,0.0,4.2217226183671475
Eastleigh,12.921295532639174,15.916456685444885,32.55982314448637,25.950448219062643,8.00664898699342,0.66,0.0,0.0,3.9853274313734968
Edmonton and Winchmore Hill,45.780600487099385,20.115765925488034,7.916941287534634,7.015996284631459,13.299521902049078,4.422000000000001,0.0,0.0,1.44917411319741
Ellesmere Port and Bromborough,38.666240976971224,7.379486582599511,32.93015380282732,5.545566116565564,9.352581822603007,0.396,0.0,0.0,5.529970698433376
Eltham and Chislehurst,35.35082102712807,25.181414288021642,20.583610491715763,5.105952837637447,9.60328570812915,1.32,0.0,0.0,2.75491564736793
Ely and East Cambridgeshire,14.721629918456685,24.85136699557147,24.03372948910205,24.921471305698855,7.14993604669014,0.46933220400000003,0.0,0.0,3.8525340404807906
Enfield North,44.23068067033194,20.324362751907405,11.408453041765123,6.217940049838979,12.430844326831611,3.2340000000000004,0.0,0.0,2.053719159324944
Epping Forest,27.672352049016318,27.519732556731384,20.56849276136949,10.252435169091157,8.34301736090633,3.609275899802397,0.0,0.0,2.0346942030829265
Epsom and Ewell,13.627154221620454,24.499872921503506,23.04106725718779,28.729989514267647,6.380143195975625,1.1880000000000002,0.0,0.0,2.5337728894449683
Erewash,29.583837653711655,16.782994945214462,34.053871302893874,4.621436960757171,8.598869205818035,0.304428696,0.0,0.0,6.054561235604804
Erith and Thamesmead,47.34848081962663,14.148027637665535,15.022802472424242,5.749050458036201,13.436270045091316,2.0460000000000003,0.0,0.0,2.1493685671560834
Esher and Walton,5.059446833170952,26.47095955719316,19.59204871627243,39.35338787826491,7.025621384256416,0.264,0.0,0.0,2.234535630842123
Exeter,31.775991189227252,11.842759187921416,21.251982276897035,8.561663601501543,21.935233128545796,1.056,0.0,0.0,3.4763706159069563
Exmouth and Exeter East,23.66609958012802,16.8609074893263,30.95175029081853,17.25793323506861,6.575493176109773,0.47684900999999996,0.0,0.0,4.210967218548772
Fareham and Waterlooville,18.28607230558635,20.889866236996898,35.063783326103774,14.75991918550772,5.8298706968123515,0.428159358,0.0,0.0,4.742328890992903
Farnham and Bordon,11.883530049671988,23.277312544245703,28.43484847932666,25.643059864558012,6.961695783292818,0.528,0.0,0.0,3.1715532789048213
Faversham and Mid Kent,21.904598157138608,26.496816386756432,28.717462503213625,7.135962839171471,10.588533792674353,0.264,0.0,0.0,4.892626321045508
Feltham and Heston,39.343207437879244,21.492960161665536,13.698545931534527,5.168799076847731,10.009197820236716,8.58,0.0,0.0,1.7072895718362437
Filton and Bradley Stoke,33.61862460969286,22.678914549966425,21.234460766597465,6.0332844853151135,12.918481257566024,0.0,0.0,0.0,3.416234330862111
Finchley and Golders Green,34.75622827933533,40.33642521814052,4.385082907463374,6.898529532790456,10.980625771523979,1.4520000000000002,0.0,0.0,1.1911082907463373
Folkestone and Hythe,26.803971707075704,21.874785541941733,30.67495087203597,3.5185068795842462,10.738974187334794,0.827018912,0.0,0.0,5.461791900027563
Forest of Dean,24.35009608135415,26.553240296442077,28.05685066242085,4.746976099947973,11.01839919610029,0.132,0.0,0.0,5.042437663734657
Frome and East Somerset,11.302322398430778,16.01067021779179,26.5531427510273,26.354168221563775,13.957914001563033,1.1463607040000001,0.0,0.0,4.6754217056233225
Fylde,28.769874418449994,27.330054267892685,26.963944376347133,3.7718992153677435,5.399764536935431,3.4487448997352104,0.0,0.0,4.315718285271799
Gainsborough,21.332245340987726,30.86331626137885,28.05167753492079,8.492631695494923,5.467010712791878,0.264,0.0,0.0,5.429118454425841
Gateshead Central and Whickham,33.86330116223444,9.410388682629247,28.67452431251098,10.000357092825311,11.851364789441496,0.8580000000000001,0.0,0.0,5.342063960358528
Gedling,35.55069283562394,18.115245399937393,27.835348896997033,4.513031715574416,9.11701180189338,0.33,0.0,0.0,4.53866934997385
Gillingham and Rainham,29.924911884121737,20.615964841446363,31.03869211011478,4.9080854295650544,7.740936687304087,0.99,0.0,0.0,4.781409047447969
Glastonbury and Somerton,5.543725664819107,26.9113960678109,22.35318267338813,31.14688372816785,9.26119119135262,0.0,0.0,0.0,4.6836206744614
Gloucester,29.182691568815287,16.8012845034142,31.081368355543965,8.522388019364474,7.127420830983157,2.64,0.0,0.0,4.644846721878919
Godalming and Ash,5.061218375035582,26.620132137476524,28.825930728494022,30.99361584119296,5.378125330945337,0.264,0.0,0.0,2.8569775868555767
Goole and Pocklington,23.38472661099457,31.019773927472606,27.82612571384469,5.50753033586257,6.818869084067535,0.419345454,0.0,0.0,5.023628873758029
Gorton and Denton,46.830326234432135,7.753821146125787,15.89165846040865,4.003488852645855,15.405355952640258,6.798000000000001,0.0,0.0,3.317349353747314
Gosport,21.96747693810611,20.713859773577884,38.48469363201508,7.330928546420945,5.959885674273513,0.34757771400000004,0.0,0.0,5.195577721606469
Grantham and Bourne,22.884563961065354,26.389741155607766,31.600261168200568,3.739491326946058,7.399905474738337,2.6748111761232263,0.0,0.0,5.3112257373186855
Gravesham,30.88107119839133,27.216279953637862,25.766155753542986,3.8023054345230416,7.937688695236867,0.0,0.0,0.0,4.396498964667923
Great Grimsby and Cleethorpes,31.529468873433977,13.792722713799172,39.48700113317709,2.4940524527878107,4.528274460447236,0.5940000000000001,0.0,0.0,7.574480366354717
Great Yarmouth,24.86270461148054,19.613487686914524,39.7165895398733,2.41558687058729,5.625738992939664,0.47839512600000006,0.0,0.0,7.2874971722046755
Greenwich and Woolwich,48.10416357730717,13.548908533630811,8.013291314274483,9.179906996488537,17.985310423616117,1.6500000000000001,0.0,0.0,1.5184191546828694
Guildford,7.187869383578794,31.20059919937175,14.462269353952518,34.88937277709278,9.500654430314416,0.33,0.0,0.0,2.3292348556897378
Hackney North and Stoke Newington,43.747436235137805,16.491017179560366,5.272713185255068,5.495599223811223,26.27576285771003,1.6500000000000001,0.0,0.0,0.9674713185255068
Hackney South and Shoreditch,49.45931102364321,8.146605258051926,3.850803878,6.782356450423785,28.668559967881066,2.112,0.0,0.0,0.9803634219999999
Halesowen,29.946261603940123,24.69307023002366,27.650677606718233,5.016143876157304,7.425809664285175,0.0,0.0,0.0,5.268037018875498
Halifax,30.192339706411108,16.854225087962348,24.97791097393766,4.937120100625052,11.91280999911981,6.402,0.0,0.0,4.723594131944029
Hamble Valley,13.45050074251137,21.805358967511488,32.92512256292707,21.2957040036058,6.357126405769283,0.198,0.0,0.0,3.868187317674981
Hammersmith and Chiswick,45.03868434341138,21.068880443270896,6.0661034639291,9.1641666652068,15.244056690734222,2.112,0.0,0.0,1.3061083934475952
Hampstead and Highgate,37.93314341906916,27.317643443995337,3.8843070828546153,11.395862123437723,17.204444692318994,1.254,0.0,0.0,1.0105992383241642
"Harborough, Oadby and Wigston",26.061696224008976,33.01886460390996,18.83742422380731,7.8377248681343215,10.562958962810647,0.264,0.0,0.0,3.417331117328783
Harlow,28.99409335074226,27.390212465194033,28.317057363849933,2.988762530782574,7.088420049252118,0.264,0.0,0.0,4.857454240179084
Harpenden and Berkhamsted,6.865666084058658,26.54502192327243,19.016716823621664,37.806224695570805,7.193161709542335,0.264,0.0,0.0,2.309208763934103
Harrogate and Knaresborough,8.317202296434996,17.45797561769573,28.830902634137583,33.872965228790605,7.491671897947706,0.44681861399999995,0.0,0.0,3.582463710993375
Harrow East,27.795976781254485,53.079084239112106,4.557552936716417,3.403469156477681,6.466554062267836,3.8940000000000006,0.0,0.0,0.8033628241714738
Harrow West,37.363458155841634,33.64946507659111,5.070482400729986,5.872371716126124,10.319730953441123,6.930000000000001,0.0,0.0,0.7944916972700133
Hartlepool,34.98553915524573,13.791211342314277,35.76468171712426,1.542270186003938,6.49725145400598,0.8670103200000001,0.0,0.0,6.452035825305812
Harwich and North Essex,23.540694715923244,31.661002009190312,25.156538644744487,6.036662958692057,8.691994686144788,0.0,0.0,0.0,4.913106985305107
Hastings and Rye,31.94129961204814,14.363664809419658,28.873770169199066,4.815980060401576,14.435150116642523,0.9239999999999999,0.0,0.0,4.6461352322890415
Havant,23.303582511372642,19.629572987688068,36.61903645799022,6.22436439072797,8.198183025164752,0.33,0.0,0.0,5.69526062705634
Hayes and Harlington,48.427370173663505,22.14701080522724,9.576264183710489,4.431897250333046,10.528732576003444,3.4320000000000004,0.0,0.0,1.4567250110622778
Hazel Grove,17.99335779469493,14.020308113286589,28.554447991194607,28.164130023021354,6.779946189714151,0.132,0.0,0.0,4.255809888088372
Hemel Hempstead,29.525912488112446,17.493620672949948,31.806823644120612,9.419224441321573,7.793159106114517,0.0,0.0,0.0,3.961259647380898
Hendon,35.617934474738135,38.77725217743513,6.699999399442293,5.0966885084206215,9.589377016841242,3.036,0.0,0.0,1.1827484231225875
Henley and Thame,6.883262180615082,29.64746857359713,18.956311317963262,33.75216385215433,7.25251030110271,0.534297918,0.0,0.0,2.9739858565674844
Hereford and South Herefordshire,22.99104098981924,18.318348194599004,35.139625886295754,9.293888511631707,8.707021618610732,0.33,0.0,0.0,5.220074799043559
Herne Bay and Sandwich,23.00487961911348,24.25442822527461,34.212274037307914,4.547269754810094,8.611631607696152,0.0,0.0,0.0,5.269516755797749
Hertford and Stortford,29.482922737533464,26.831256358292773,23.280805700932305,6.4208512000589515,10.059625337533427,0.33,0.0,0.0,3.494538665649079
Hertsmere,21.450589151041996,46.66361735638091,13.215115503575358,6.906161114931743,8.244210654308079,0.7260000000000001,0.0,0.0,2.6943062197619225
Hexham,34.65735417553316,23.904072128745156,24.89032784125083,4.915783098965528,6.490688699080987,2.152830437204541,0.0,0.0,2.9889436192197882
Heywood and Middleton North,34.01448414624428,17.70877439481577,26.69040495201492,5.236943497123191,4.183173993939221,6.872117406,0.0,0.0,5.294101609862618
High Peak,32.28679849097854,21.660328636745163,29.250777577055775,3.6688162555859813,8.42424427277581,0.0,0.0,0.0,4.709034766858728
Hinckley and Bosworth,14.501924503372445,21.029963591058166,35.042169583543306,18.82547249786827,5.1039559965892325,0.264,0.0,0.0,5.13251382756858
Hitchin,32.07404289151803,27.17384116188634,20.456535801802794,8.00693529142641,8.781435223454155,0.198,0.0,0.0,3.3092096299122655
Holborn and St Pancras,42.06907609230576,9.906150901714255,5.097996743187986,6.334962910231483,22.3536423447485,13.012497498,0.0,0.0,1.1256735098120134
Honiton and Sidmouth,6.195150865901882,25.268135111836003,24.450571400468363,32.98688167180743,6.539262339008167,0.236874,0.0,0.0,4.323124610978159
Hornchurch and Upminster,22.33562755375113,25.01226527093538,36.282863283933494,4.605495137123432,7.52319221939749,0.528,0.0,0.0,3.712556534859074
Hornsey and Friern Barnet,43.50691048400133,16.58123532930079,7.57444885523231,12.018281980127332,17.887972062845506,1.254,0.0,0.0,1.077151288492737
Horsham,9.797256357355225,23.248960775801706,26.818691784263816,29.395071903797806,6.896316632700395,0.5940000000000001,0.0,0.0,3.2497025460810467
Houghton and Sunderland South,32.65259586816961,11.713247043880948,35.48827928013857,4.677101565022363,8.636830697480587,0.0,0.0,0.0,6.831945545307911
Hove and Portslade,41.07155469679645,10.644254005018164,18.650602223572957,5.803896622237131,17.29004790394687,3.924204459999995,0.0,0.0,2.61544008842844
Huddersfield,30.908698227323853,15.407259992967758,17.992805528073045,4.149455033489389,27.901638410376183,0.0,0.0,0.0,3.540142807769772
Huntingdon,25.57254646471928,28.76260551843099,25.118813720186314,7.58748085574634,7.647169369194143,1.26368418,0.0,0.0,4.0476998917229325
Hyndburn,25.820617859011595,23.495277148048213,27.75815966860071,2.870116926156403,14.7746245184291,0.0,0.0,0.0,5.281203879753973
Ilford North,36.11461988352609,24.39167040998402,6.916791163219236,3.4684066927300483,7.935914620759845,20.168615412,0.0,0.0,0.903981817780764
Ilford South,44.83639611093018,15.485835562731186,5.0635869336383745,3.7599830782663806,11.961620810803439,18.282,0.0,0.0,0.6105775036304328
Ipswich,33.38976445533224,17.33106812136668,28.996070964737243,4.591064209801539,10.514102735682464,0.528,0.0,0.0,4.549929513079833
Isle of Wight East,14.714148914838889,19.355270012121164,31.359553093666428,8.270884394373502,19.957406900997597,0.6537730079999999,0.0,0.0,5.588963676002419
Isle of Wight West,28.877207513791532,19.682194426327044,31.138106632238816,6.374209055283024,8.380334488452839,0.198,0.0,0.0,5.14994788390675
Islington North,50.504106647062684,6.4681441,6.08804050941217,4.304,10.629959270308929,21.235749473216206,0.0,0.0,0.77
Islington South and Finsbury,46.31802681758304,12.011481575152334,6.696633582030089,9.63881354297216,21.964366422292475,1.98,0.0,0.0,1.390678059969911
Jarrow and Gateshead East,35.72859673860154,7.571111076734178,34.964798213717536,4.457408977551675,9.567253945994675,0.9239999999999999,0.0,0.0,6.686831047400405
Keighley and Ilkley,30.863855882558738,29.05948553899645,24.169570244288273,2.0086016742005457,6.666370426603922,3.498,0.0,0.0,3.7341162333520774
Kenilworth and Southam,18.707130333144196,36.48631404894846,17.518053579326626,15.312281620456869,8.227954720230251,0.509437566,0.0,0.0,3.2388281318935928
Kensington and Bayswater,35.46583284369525,34.74713422431644,5.458168965142207,6.765381131313098,12.478866393675213,4.0920000000000005,0.0,0.0,0.892616441857794
Kettering,28.01091921708271,19.5430047087009,27.799080908551023,2.6234246273395043,15.739411413743207,1.425388784,0.0,0.0,4.8587703405826606
Kingston and Surbiton,12.274,23.925037126409237,9.860395575974998,37.68076098626422,11.802287146715516,2.3760000000000003,0.0,0.0,2.081519164636033
Kingston upon Hull East,31.235749150789246,4.274211263458231,38.54394396419095,8.587197323247732,9.658109510923271,0.0,0.0,0.0,7.700788787390549
Kingston upon Hull North and Cottingham,36.53393650938362,7.843886679967652,30.342450041064396,7.024095434165148,10.276645531862139,2.574,0.0,0.0,5.404985803557041
Kingston upon Hull West and Haltemprice,35.26505734309936,12.599914429928102,32.56078551637503,5.751319607792143,7.625530098822058,0.198,0.0,0.0,5.999393003983309
Kingswinford and South Staffordshire,22.030492133156052,30.05691948941479,32.90625230054114,3.8294488174441708,5.843518107910674,0.312358134,0.0,0.0,5.021011017533168
Knowsley,41.31257567391462,5.174578370896446,34.02616283879074,3.6619021928839337,10.478132594253163,0.421107776,0.0,0.0,4.92554055326109
Lancaster and Wyre,30.25454443092295,21.388987135834736,22.027452977705774,3.4639358203950343,18.841181999392433,0.0,0.0,0.0,4.023897635749078
Leeds Central and Headingley,34.60860903823772,7.206217417301635,7.752877527105833,6.981541296708485,39.35505479579391,2.244,0.0,0.0,1.8516999248524153
Leeds East,38.47807060568857,14.795141989527673,23.084732211658487,3.6034253626702246,12.813725275200309,2.64,0.0,0.0,4.484904555254742
Leeds North East,41.011553878053164,18.788337187512994,11.921731057912085,5.825493007039875,15.659155681718575,4.686,0.0,0.0,2.1077291877633075
Leeds North West,32.745202478877786,21.40928362357357,21.65966689384865,9.62613660304498,9.811054859460036,1.4029983,0.0,0.0,3.345657241194981
Leeds South,43.29484377847252,4.228496993011276,20.233435222633624,4.912735788302065,21.068459000749257,2.508,0.0,0.0,3.754029216831261
Leeds South West and Morley,31.919896389699815,19.50872683332084,28.273399053470875,4.116893470546649,9.954116737025075,1.126590498,0.0,0.0,5.100377017936741
Leeds West and Pudsey,38.05572582179981,12.624002950036026,26.225945257868283,4.550229610748364,12.054766594777151,1.914,0.0,0.0,4.575329764770364
Leicester East,23.00080762252724,36.53972531628859,5.1922947968568245,4.709808230294652,13.66693455434701,15.576000000000002,0.0,0.0,1.3144294796856824
Leicester South,34.32759127774737,9.920950057817272,6.962833973561227,3.5773216290763816,20.451090146068726,23.006065039729023,0.0,0.0,1.6541478760000001
Leicester West,37.176658611860745,18.836644807847478,18.706919432525133,5.843769403128052,14.442969747595752,1.1880000000000002,0.0,0.0,3.805037997042846
Leigh and Atherton,34.29615469484347,14.441519614454853,32.119828118175,3.4811221269230055,8.809810706977538,0.5940000000000001,0.0,0.0,6.157564738626125
Lewes,6.097111719300338,19.1823393313233,26.15394505778235,36.44198309566744,7.956667557486166,0.264,0.0,0.0,3.8039532384404167
Lewisham East,48.261261501092555,13.210652825727207,9.501697416744108,7.117047569367454,18.30308596999027,1.7820000000000003,0.0,0.0,1.824254717078406
Lewisham North,48.568869340744904,6.888166539109844,6.232607449064368,8.405690001199076,27.01617103915376,1.518,0.0,0.0,1.2704956307280488
Lewisham West and East Dulwich,46.36320763458413,9.993043337413676,9.032525831697264,8.517158229671507,23.554277212763733,1.056,0.0,0.0,1.483787753869689
Leyton and Wanstead,43.24316906615279,13.016810561377799,7.69391212856591,6.77352735003766,18.826729456795718,9.108,0.0,0.0,1.3378514370701216
Lichfield,26.18294681264123,29.749201453593265,27.13260220329456,5.87835510480201,5.868972181716352,0.32519751,0.0,0.0,4.862724733952581
Lincoln,33.25376181849683,17.56075286868111,27.895126026113008,5.142705530411775,10.194930353397352,1.11001869,0.0,0.0,4.842704712899926
Liverpool Garston,39.81890497847403,8.835398713554243,28.41742622656787,7.300230277641847,10.529300488528344,2.017946928,0.0,0.0,3.0807923872336698
Liverpool Riverside,42.40181151257483,2.676232012489308,16.200957694842888,4.78371392695166,28.84083762137295,2.31,0.0,0.0,2.786447231768375
Liverpool Walton,43.48802232726462,3.8329995437142603,32.763548574338174,2.905931496329092,11.55113746828133,0.792,0.0,0.0,4.666360590072525
Liverpool Wavertree,41.43441152128054,5.603711975069705,16.68572389428539,6.686730441350061,23.90592341483845,3.1020000000000003,0.0,0.0,2.581498753175863
Liverpool West Derby,44.044239994784654,3.5686072376491587,31.666929197053662,3.4895505694231668,11.488080835649198,1.9504730080000001,0.0,0.0,3.792119157440154
Loughborough,28.86408556540088,28.49446725885801,19.775205439739025,5.1656731838758505,13.83440198948684,0.0,0.0,0.0,3.8661665626393926
Louth and Horncastle,18.774173796794287,29.14072451942474,33.38417609582372,4.18078495168607,6.78979196624508,1.429915285736842,0.0,0.0,6.300433384289259
Lowestoft,25.918804977116615,16.207432765576574,39.37193715362551,3.05493667049397,8.746298672790353,0.0,0.0,0.0,6.7005897603969915
Luton North,39.5456306632223,18.938122192322894,13.001661962027201,4.694996139750434,7.339376630752754,14.322000000000001,0.0,0.0,2.1582124119244157
Luton South and South Bedfordshire,37.49149480375094,18.361511283561185,12.58862726812675,5.842192454635939,8.82180832586768,14.586000000000002,0.0,0.0,2.3083658640575027
Macclesfield,35.03667191223382,24.096543958208915,25.57576453882252,4.3389455950507525,6.76719311832373,0.468907956,0.0,0.0,3.7159729213602724
Maidenhead,11.281791625975574,25.230866342839988,18.665510295886435,33.00266169604113,7.81613335435086,2.31,0.0,0.0,1.6930366849060139
Maidstone and Malling,21.697998761705186,20.390531768226946,31.990692111623048,11.007631413809635,10.039010262095418,0.528,0.0,0.0,4.346135682539765
Makerfield,31.995883704582337,11.995181152022289,34.978419298777254,5.517921343636303,8.205973572832926,0.550229262,0.0,0.0,6.756391666148891
Maldon,15.277613509007036,31.809776738367702,32.80838788731657,9.257739334297277,5.929582934875643,0.0,0.0,0.0,4.916899596135772
Manchester Central,42.97847428586216,7.594040130186998,11.471179625406274,7.3907202072933575,23.662211941927428,4.158,0.0,0.0,2.7453738093237785
Manchester Rusholme,45.092505028146626,4.153090088245554,4.8463986950726365,1.010041102558784,34.193453869294586,9.504000000000001,0.0,0.0,1.200511216681811
Manchester Withington,42.68533116765396,8.314955047641792,9.390278197819544,11.56234549342038,23.511738768513236,3.036,0.0,0.0,1.4993513249510775
Mansfield,30.78584721216236,19.06375457506674,36.56314945340922,1.7971438408835334,4.6230301454136535,0.714346776,0.0,0.0,6.452727997064501
Melksham and Devizes,7.690261537188295,22.789540535016215,28.8567535435224,29.020225233428416,7.365088819497104,0.0,0.0,0.0,4.278130331347571
Melton and Syston,20.76147454083349,32.74834702109014,26.042639299430213,4.576686525198774,9.527514728339115,1.3466239981053816,0.0,0.0,4.996713887002887
Meriden and Solihull East,21.42845462833616,34.733574544876646,24.776511069622867,6.2940323804832685,8.38685180877323,0.0,0.0,0.0,4.380575567907832
Mid Bedfordshire,25.269658096021956,37.06782882579856,18.74246962061843,7.176134955513441,7.015384836843195,1.022233806,0.0,0.0,3.7062898592044142
Mid Buckinghamshire,13.800054576782069,38.220000345214515,16.136160607628078,20.58825191436632,7.6172030629861105,0.5940000000000001,0.0,0.0,3.044329493022894
Mid Cheshire,34.298961988599416,15.891315350598227,31.827162532050266,4.978271379491479,7.270319135510183,0.36951024000000005,0.0,0.0,5.364459373750426
Mid Derbyshire,27.2604192677769,27.441335892805885,27.02514716364827,4.307171165211406,8.933359191769448,0.4100318143554631,0.0,0.0,4.6225355044326255
Mid Dorset and North Poole,9.534437836095893,17.25705000116861,29.780848222658946,31.85365586816852,8.105140414521257,0.299646864,0.0,0.0,3.169220793386777
Mid Leicestershire,24.862853052241093,35.36831692538775,22.316813343340513,4.408209811189796,8.785599444821699,0.0,0.0,0.0,4.258207423019143
Mid Norfolk,22.47902561752058,27.322577852827692,31.44345664404269,5.500740831627443,7.602385330603908,0.0,0.0,0.0,5.551813723377684
Mid Sussex,14.53432724576938,19.249927818466002,25.73943403418675,29.871068691912377,6.934928813625237,0.46199999999999997,0.0,0.0,3.108313396040262
Middlesbrough South and East Cleveland,34.50146626612322,15.224876570690292,34.58901816922629,4.7694198159810135,5.767428294390416,0.76992498,0.0,0.0,4.277865903588775
Middlesbrough and Thornaby East,38.94963057053049,13.494138160145212,27.59333919359753,2.861186355422268,7.288003028260953,4.554,0.0,0.0,5.15970269204355
Milton Keynes Central,34.4329789444428,28.024076624583152,14.94053322642311,9.186766226580074,10.21001262286136,0.264,0.0,0.0,2.9416323551094954
Milton Keynes North,33.203707638346955,27.220769593548233,19.70417042647462,6.492273100433917,9.866054708820508,0.0,0.0,0.0,3.513024532375769
Mitcham and Morden,46.97993373079954,16.18021400889844,11.35909203394021,7.73509490117563,13.731587945328148,2.112,0.0,0.0,1.8020773798580312
Morecambe and Lunesdale,27.801462620261923,21.477886883051205,28.392553159426996,8.15885382957346,9.166546762525543,0.0,0.0,0.0,5.002696745160867
New Forest East,16.065234773761496,22.95842556302943,34.179291030341275,12.396390583543608,8.585240125395329,0.9777479686277718,0.0,0.0,4.83766995530109
New Forest West,18.492893636057293,22.919647113066375,32.047160335744586,13.787964804591244,7.774728424653968,0.559718248539884,0.0,0.0,4.417887437346653
Newark,26.712623103314733,29.88476669191813,27.803868438669813,4.713727418636453,5.888763869818327,0.41021884200000003,0.0,0.0,4.586031635642543
Newbury,7.0108093422467945,21.78439951801913,27.962862182231376,30.00999071753208,9.000341889097193,0.396,0.0,0.0,3.735596350873423
Newcastle upon Tyne Central and West,35.23911530582782,10.743700000474156,20.272225388781226,4.2658582706148085,16.855880444612414,8.382,0.0,0.0,4.1412205896895715
Newcastle upon Tyne East and Wallsend,35.48589793882705,6.659610707667557,26.53895017691644,6.175855651937118,18.557380670376304,1.518,0.0,0.0,4.964304854275538
Newcastle upon Tyne North,36.69805381681405,13.547281484016846,19.071579233762144,9.940254924234187,16.958903250709184,0.792,0.0,0.0,2.99192729046358
Newcastle-under-Lyme,28.113743792544547,23.404133748645823,28.439424927479507,4.170034417552311,10.381054368803202,0.0,0.0,0.0,5.4916087449746085
Newton Abbot,14.88857637381619,13.165749935853178,35.01237719247271,23.532776020136684,7.221632910011362,1.1027277814810648,0.0,0.0,5.07615978622881
Newton Aycliffe and Spennymoor,31.095849854379974,17.166968827682616,32.46794539454569,3.980569470175029,8.531522550337247,0.249291108,0.0,0.0,6.507852794879453
Normanton and Hemsworth,30.254493388479318,16.68313508423664,33.18351313182136,3.9934130179255276,8.726393002128141,0.0,0.0,0.0,7.059052375409016
North Bedfordshire,21.689794421694305,37.02609434958047,21.058964449022447,8.702079132725698,7.688526612361119,0.0,0.0,0.0,3.834541034615963
North Cornwall,5.18459261,22.134369698553407,25.64143746037626,32.651336463498396,9.090031261170342,0.16040739,0.0,0.0,5.13782511640159
North Cotswolds,14.464605077315735,24.50290161837985,26.87396577700639,21.70026018679644,8.535046812885161,0.22906001005427404,0.0,0.0,3.694160517562153
North Devon,6.821882879875552,19.99392397026295,28.852671031257202,30.42016796406242,8.541880195244179,0.288466794,0.0,0.0,5.081007165297683
North Dorset,8.477175844837632,24.63438995052103,30.327045709421046,25.004328621959687,6.814707989536706,0.19200258,0.0,0.0,4.5503493037239044
North Durham,31.35871756380431,13.61280729201961,32.31860314384095,8.199992124461268,7.758191787340724,0.328019406,0.0,0.0,6.32366868253313
North East Cambridgeshire,18.618164293210175,19.745399638096856,42.93996703426295,5.5842060661758035,6.328329705881283,0.43931718599999997,0.0,0.0,6.24461607637293
North East Derbyshire,27.283662056549,23.162358504538954,32.33934135468047,3.8682516582234903,7.828939560348658,0.132,0.0,0.0,5.38544686565943
North East Hampshire,9.035432283789424,27.900121225627352,25.19481743643016,29.405489680866147,5.025183489385828,0.47527636200000006,0.0,0.0,2.9636795219010867
North East Hertfordshire,26.38725192318866,29.7848194223835,22.135760491638337,8.507498866570625,9.253208158907592,0.0,0.0,0.0,3.9314611373112873
North East Somerset and Hanham,28.239698773813007,25.19455166750478,25.68036638861956,6.428180609375956,9.898266386567807,0.325361388,0.0,0.0,4.233574786118903
North Herefordshire,5.51274242,24.293350087014748,19.255894432836932,2.524,43.75125757999999,0.132,0.0,0.0,4.530755480148318
North Norfolk,5.214419612447044,26.582371915384908,26.600950600091537,29.930705961896045,6.528880852623739,0.0,0.0,0.0,5.042671057556718
North Northumberland,30.13390943499652,18.58358698859542,28.547965590070316,8.7303733844004,5.681638728115239,3.276963809984761,0.0,0.0,5.045562063837343
North Shropshire,5.967537756655675,20.426605108172744,24.6715405040141,33.67226840925842,10.508480889899053,0.198,0.0,0.0,4.555567332000001
North Somerset,26.67879176246421,27.25323106825473,24.029323352841843,10.402156786926364,7.931080565049634,0.132,0.0,0.0,3.473416464463222
North Warwickshire and Bedworth,25.932520329613624,26.564179633769925,30.540131648338786,2.725544446438498,8.028274689934928,0.0,0.0,0.0,6.209349251904239
North West Cambridgeshire,25.804400006606528,30.32747480288667,24.51075156336195,6.142964436803873,8.727543098886198,0.0,0.0,0.0,4.486866091454773
North West Essex,25.499305520838462,33.633588898444565,20.464358324369762,8.923643399733546,7.220154457214712,0.597336498,0.0,0.0,3.5616129013989526
North West Hampshire,22.364802655900903,24.137247046819418,29.586340138817754,11.870684995484268,7.323095992774829,0.5940000000000001,0.0,0.0,4.123829170202832
North West Leicestershire,27.877611252583677,27.075929547820202,28.839067378352063,3.3458511919977756,7.044955689931165,0.3849253260614324,0.0,0.0,5.431659613253684
North West Norfolk,19.23877611199497,20.73787253297165,36.384162795839444,11.448943566362654,6.448709706180247,0.0,0.0,0.0,5.741535286651034
Northampton North,35.872599458676035,17.950887030640153,24.31023548531585,5.018776882930006,8.64964301268801,4.0920000000000005,0.0,0.0,4.105858129749945
Northampton South,30.21383852887313,25.54385076154833,25.452930828450185,6.323525750070653,7.802841200113045,0.5940000000000001,0.0,0.0,4.069012930944658
Norwich North,33.53972855971957,13.815262172181978,31.641314235614416,4.027564787464579,11.214455726498663,0.528,0.0,0.0,5.233674518520792
Norwich South,35.57430969152632,8.585559113224374,21.702112360738102,6.99374835575888,22.51440759171984,1.122,0.0,0.0,3.5078628870324766
Nottingham East,41.4279721697453,9.558929106610993,11.275424679875218,4.928421020298607,24.384590651194763,6.006,0.0,0.0,2.418662372275111
Nottingham North and Kimberley,37.489714465981805,16.225846938076224,25.62041232112833,3.7725326457497816,12.017971548411625,0.0,0.0,0.0,4.873522080652234
Nottingham South,33.84136789485433,17.21720704747045,14.80136937618698,5.70406215293456,21.046586841569948,4.224,0.0,0.0,3.1654066869837294
Nuneaton,28.696774703497656,20.10599390074296,32.4525487293616,2.985148636782563,8.6334378188521,1.518,0.0,0.0,5.60809621076311
Old Bexley and Sidcup,24.01736259959278,29.40791874264465,31.595590251592963,3.6786535356455294,7.285845657032847,0.5940000000000001,0.0,0.0,3.4206292134912366
Oldham East and Saddleworth,33.345671382812576,16.977760694536347,22.07080828250767,6.937526590504419,5.503729511233886,10.758000000000001,0.0,0.0,4.406503538405091
"Oldham West, Chadderton and Royton",33.74106437133046,10.248821083839134,18.57429800239532,2.9929149780929754,11.14396641390987,19.338,0.0,0.0,3.96093515043224
Orpington,21.622516972460776,28.737775542344508,30.81093888772203,8.47051133771821,6.9780181403491355,0.33,0.0,0.0,3.0502391194053375
Ossett and Denby Dale,28.16031490832055,26.66009829481295,26.77225668241629,3.6836944168724326,8.515997275782965,1.1880000000000002,0.0,0.0,5.0196384217948005
Oxford East,42.30452370923174,6.9988649641368,15.137957418486184,7.983564106915114,18.442528046219152,6.93343893,0.0,0.0,2.199122825011012
Oxford West and Abingdon,11.559999999999999,24.612515946997025,10.227726654325382,34.8339517919972,15.641378083115326,0.99,0.0,0.0,2.134427523565068
Peckham,51.84203339772043,5.0889287283189635,5.624099024637356,8.159523778417551,25.25627566205857,2.706,0.0,0.0,1.3231394088471264
Pendle and Clitheroe,30.194822672186778,26.46376468777366,25.223375979522007,3.7261675267225836,4.362668963991272,5.346,0.0,0.0,4.683200169803693
Penistone and Stocksbridge,29.90306435110426,21.485766106882856,29.362519045180967,5.636000885025989,8.101153350163758,0.0,0.0,0.0,5.411496261642177
Penrith and Solway,27.53223137284434,23.17578702877425,28.774315357107326,8.39494271283157,6.689576411067145,0.18733222200000002,0.0,0.0,5.245814895375386
Peterborough,29.42412109631951,22.347089204447,24.062081123087232,3.8741778877120874,7.999484620339339,8.646,0.0,0.0,3.6470460680948364
Plymouth Moor View,30.50229486599938,16.557020933418638,37.81724229982274,3.3999447710890713,5.442311633742515,0.0,0.0,0.0,6.281185495927652
Plymouth Sutton and Devonport,36.23612049014416,12.226192498553658,25.931435842557704,5.09590905981315,14.381248263633463,1.565370444,0.0,0.0,4.5637234012978585
"Pontefract, Castleford and Knottingley",32.45150808158301,11.307688449812238,36.88128309995063,3.3184257571594125,8.496349004265223,0.264,0.0,0.0,7.280745607229488
Poole,26.197440416247787,18.21727572458717,33.584835931126065,9.916404923304773,6.9198478772876335,0.668847828,0.0,0.0,4.495347299446576
Poplar and Limehouse,43.982579580823675,12.811943243699096,7.116324706120517,8.351247888749576,17.450229286727655,9.504000000000001,0.0,0.0,0.7836752938794831
Portsmouth North,26.614225604475486,22.3599778134995,33.577586444325114,6.039619023828521,6.274590438125633,0.0,0.0,0.0,5.1340006757457415
Portsmouth South,39.325437843765755,14.686117946827624,19.437389600488295,9.710544347297459,12.088483889026328,1.254,0.0,0.0,3.49802637259453
Preston,38.72861721585746,9.75349940055979,20.52813678476845,6.684531855133517,8.433558132530255,11.979270006000002,0.0,0.0,3.7923866051505337
Putney,42.5091730892917,24.5848715796001,8.074043813679737,10.84194609341399,11.328105660432715,1.122,0.0,0.0,1.4398597635817558
Queen's Park and Maida Vale,48.59355316578949,14.901957180114879,4.518680612585543,8.781048341367754,17.953398492842762,4.0920000000000005,0.0,0.0,1.1593622072995795
Rawmarsh and Conisbrough,33.67276910464454,10.314410990608096,36.24007339353433,3.2635722159680602,8.970296092308844,0.49852539,0.0,0.0,7.0403528129361215
Rayleigh and Wickford,18.884204472578165,26.72469161360425,36.89291327043658,6.742765568399858,5.8844249094397725,0.0,0.0,0.0,4.871000165541376
Reading Central,40.23207044517546,18.524628647045002,12.901289097806746,8.00561181133491,17.462587488442665,0.66,0.0,0.0,2.2138125101952313
Reading West and Mid Berkshire,27.355334795159546,29.125608175200387,20.984368076850156,8.948860966862732,8.881299241172055,1.1880000000000002,0.0,0.0,3.5165287447551203
Redcar,29.514706479613373,18.190547508073546,36.18271503171711,3.3077894144509696,6.306907590293506,0.264,0.0,0.0,6.1333339758514915
Redditch,26.73613328960147,25.68113778452802,30.467193926253444,4.234636028339839,6.475817645343742,1.1880000000000002,0.0,0.0,5.217081325933481
Reigate,23.151380789194583,27.378201124794476,25.426388763576234,10.24493535180663,10.792370519153033,0.0,0.0,0.0,2.9067234514750417
Ribble Valley,27.03791316501689,31.22803711666603,23.455899837587708,7.645510653475421,4.9279895122763335,1.584,0.0,0.0,4.020649714977619
Richmond Park,8.815977078917578,27.07689014171867,9.441207538677833,41.21508235956435,11.419380975306717,0.7260000000000001,0.0,0.0,1.3054619058148507
Richmond and Northallerton,19.876075882475938,32.516108690566995,29.74470533523661,7.311877996110903,5.880604793777445,0.19222546199999999,0.0,0.0,4.3784018398321045
Rochdale,32.81261026484131,10.61146426161063,18.791064087916197,5.91786844671798,8.684953785951855,19.272000000000002,0.0,0.0,3.9100391529620224
Rochester and Strood,28.328337085798594,26.629687595135493,27.774731397857195,4.045042428138279,7.721667885021247,0.66,0.0,0.0,4.8405336080491965
Romford,26.412389997197458,23.547177587314614,33.595482064730966,4.199332471638131,7.292131954621011,1.6500000000000001,0.0,0.0,3.2034859244978153
Romsey and Southampton North,8.395629952591364,31.978548554988055,22.51138862047982,26.732234808112594,6.885818486684846,0.264,0.0,0.0,3.232379577143332
Rossendale and Darwen,31.16161471161835,23.512505585177244,29.825365512710036,2.4902695438227482,6.946218134350068,0.7260000000000001,0.0,0.0,5.338026512321556
Rother Valley,28.369581841848223,25.284764381606838,32.01162922318124,2.414371021162992,6.43679362804978,0.0,0.0,0.0,5.482859904150917
Rotherham,35.23223508066345,7.105636921255421,30.26128584683468,4.392411305104925,10.639918950989927,6.468000000000001,0.0,0.0,5.800511895151597
Rugby,30.406558696196498,25.918460557931848,25.270633063333083,5.618085526223533,7.934136279456664,0.46199999999999997,0.0,0.0,4.390125876858372
"Ruislip, Northwood and Pinner",24.879600502587884,45.94129809856885,11.347113581217327,7.8786222422333765,8.466996825231895,0.0,0.0,0.0,1.4863687501606615
Runcorn and Helsby,36.31932752936148,13.54437013494374,30.011213343796058,5.3798388250092914,8.87400408603589,0.399677916,0.0,0.0,5.371568164853538
Runnymede and Weybridge,17.467496392450222,29.617100624135496,24.90639880659864,17.6624101201252,6.329456192200326,0.9239999999999999,0.0,0.0,2.993137864490109
Rushcliffe,31.023028485388508,31.969496632834563,17.587033340298294,5.470429229744989,10.168776538245034,0.8580000000000001,0.0,0.0,2.923235773488612
Rutland and Stamford,17.793310101973823,34.31966299421486,25.52217611671483,10.281653494779402,7.526245591647041,0.528,0.0,0.0,3.928951700670054
Salford,41.33045952263563,8.712957060690822,17.9256183142831,6.5636172761503,20.203685136225005,1.7160000000000002,0.0,0.0,3.547662690015142
Salisbury,21.2854627500314,20.637302059788343,29.015087956433526,18.26478756076395,6.544676437522956,0.57788973,0.0,0.0,3.674793505459835
Scarborough and Whitby,31.391109065981997,18.908838829222162,34.08968406454031,3.652826186963697,5.491721899141916,0.47333979000000004,0.0,0.0,5.992480164149923
Scunthorpe,29.38936968391971,18.584037310021106,34.76818964889252,2.165758530873366,6.68170695491812,2.178,0.0,0.0,6.232937871375178
Sefton Central,39.86730402495152,14.484188864170942,27.620353497543434,5.212322190712722,8.438274220326994,0.44566868210575805,0.0,0.0,3.8318885201886257
Selby,30.057828601350227,25.101231289139214,27.126299678476993,4.235739053592024,8.074222874449815,0.0,0.0,0.0,5.304678502991725
Sevenoaks,11.841282346735486,28.7209615752092,28.761127409009397,20.065125945226878,6.135401512363005,0.66,0.0,0.0,3.7161012114560394
Sheffield Brightside and Hillsborough,39.131053460821235,2.876793936313662,23.24470975836079,5.163155887061736,17.03350534014056,10.098,0.0,0.0,2.4527816173020134
Sheffield Central,40.12524620692061,7.7114844168916665,8.07306109374442,6.227978281208203,34.20264310724286,1.914,0.0,0.0,1.7455868939922345
Sheffield Hallam,31.297365265018787,10.405354229433547,15.656666932476792,23.7868700557479,15.717737451654537,1.7160000000000002,0.0,0.0,1.4200060656684248
Sheffield Heeley,37.868177276724744,5.059547015536524,26.44256910271378,8.462985512961696,16.80296550760406,1.122,0.0,0.0,4.241755584459197
Sheffield South East,39.188292926765534,5.595436373487242,27.69677529563949,8.081754908493163,11.598050192863006,3.1020000000000003,0.0,0.0,4.737690302751558
Sherwood Forest,29.07329351694314,22.816659328282622,31.031343309586553,3.488389791036898,7.22532869341749,0.41288068800000005,0.0,0.0,5.952104672733307
Shipley,34.1051444921637,24.028990640294154,24.00107564756991,3.0646444690659327,9.080190529760037,1.7160000000000002,0.0,0.0,4.003954221146262
Shrewsbury,33.010449442897794,15.011569248907438,29.31857984850822,10.283462499701516,7.3777675467171395,0.432471336,0.0,0.0,4.565700077267891
Sittingbourne and Sheppey,28.341326461068036,19.770004954411682,34.381909621803686,2.888575403324667,5.909085333366127,2.6189573702333013,0.0,0.0,5.9901408557925135
Skipton and Ripon,25.080849210662684,29.92536162960476,24.704167959409418,6.406453582438913,8.101413596416554,1.2436187662515228,0.0,0.0,4.338135255216156
Sleaford and North Hykeham,23.731383600216777,31.466957362486852,27.332631427867454,3.911401390732738,6.563195160448078,1.778743918378488,0.0,0.0,5.215687139869617
Slough,38.45030320293362,17.653931464825593,6.814608469027663,5.173032339721238,9.921611923345143,20.495052534,0.0,0.0,1.3914600661467453
Smethwick,44.45608164051318,12.80493504159163,15.172484537755283,3.8470389574349073,12.422064932362394,8.052,0.0,0.0,3.1453948903425992
Solihull West and Shirley,20.111609117472124,32.62154212793551,20.63165816515722,13.445297388339947,9.136075821343915,0.8580000000000001,0.0,0.0,3.1958173797512854
South Basildon and East Thurrock,28.30639604131165,19.58114916664844,36.58096851903264,2.645151424746586,5.967042279594538,1.329561948,0.0,0.0,5.489730620666149
South Cambridgeshire,9.64115967002093,29.371817345975643,14.404579025828616,34.294985558629435,8.92349088232378,0.528,0.0,0.0,2.635967517221599
South Cotswolds,7.511446534572096,29.28044843130818,20.207697327494767,32.73687138346875,6.404139339596062,0.29674062,0.0,0.0,3.4626563635601393
South Derbyshire,30.178766302455514,25.191647593697407,27.900756577691944,4.388374679403517,6.6458511100526,0.49299003599999996,0.0,0.0,5.201613700699021
South Devon,5.601297950049485,24.759311287763055,24.845827780667566,33.316477650683666,7.031751215058943,0.198,0.0,0.0,4.247334115777285
South Dorset,24.693147851902552,18.982031534916455,31.73405795041245,12.779829968168684,6.316927949069895,0.323102208,0.0,0.0,5.170902537529953
South East Cornwall,23.496937117022682,23.57626407308922,27.527678188854697,13.099639082653232,7.039661612996332,0.08127094799999994,0.0,0.0,5.178548977383839
South Holland and The Deepings,20.095069095714557,27.80603746668814,32.95999804399894,3.4925540032379687,5.66410983119205,3.8993450880565,0.0,0.0,6.082886471111836
South Leicestershire,18.830942712851044,32.476745619105316,25.913269172389967,11.57812028225087,6.416192451601389,0.0,0.0,0.0,4.684729761801424
South Norfolk,26.41518825139846,25.520283865895188,24.475814273399642,9.18378987207633,9.761796235322125,0.513068096,0.0,0.0,4.130059405908252
South Northamptonshire,23.78037458295846,34.35100615669738,21.64097765839988,7.637236643011125,7.3333685583245405,1.1758938202080356,0.0,0.0,4.081142580400577
South Ribble,29.818104913798088,24.055486170136536,28.393078401674885,5.141248668519781,7.7522824452513435,0.0,0.0,0.0,4.839799400619386
South Shields,32.224288962039836,6.0681281861351914,32.490119451999036,3.229216763861476,16.47914298217837,3.677286144,0.0,0.0,5.8318175097861
South Shropshire,10.982242780366395,25.442643248389448,29.244276675110026,23.401001731205252,6.179847836472514,0.0,0.0,0.0,4.749987728456361
South Suffolk,20.138486344238125,29.508112108499603,25.392293913200696,10.373970462009462,9.685707034215149,0.0,0.0,0.0,4.90143013783698
South West Devon,23.89794338003941,25.517679397887616,30.164783414736984,8.370624648744176,7.133399437990682,0.21029078399999998,0.0,0.0,4.705278936601133
South West Hertfordshire,16.6525494799041,32.20651357802399,20.37501084732697,19.468939983508182,7.467903973613092,1.122,0.0,0.0,2.7070821376236767
South West Norfolk,26.18313563643939,18.80319573723491,30.074975410527163,4.844279684475362,6.595851890310147,7.52913645044623,0.0,0.0,5.969425190566788
South West Wiltshire,22.009389612474884,18.154773830052015,35.22436353451058,12.254270185505385,6.697232296808618,0.583486332,0.0,0.0,5.07648420864852
Southampton Itchen,32.06329999200678,22.420224682605376,25.01656533484383,6.068484729051966,9.475915588163742,0.46199999999999997,0.0,0.0,4.493509673328305
Southampton Test,35.60666146945721,16.91201626838918,21.104661653994974,7.862371564477981,12.768194503164771,2.112,0.0,0.0,3.6340945405158855
Southend East and Rochford,30.628593255834172,19.438716578665314,30.181150795335654,5.044484502805334,8.943975204488535,1.1880000000000002,0.0,0.0,4.5750796628709915
Southend West and Leigh,28.047503101793367,20.240259278807255,31.959505450030015,5.750637115730123,8.918219385168197,0.8580000000000001,0.0,0.0,4.225875668471043
Southgate and Wood Green,44.075621220450415,18.79457672846023,9.356973111006859,8.100309371680092,15.91051374130754,2.31,0.0,0.0,1.4520058270948677
Southport,30.227866432388222,15.829226049011261,31.271397222004897,10.339243893645078,6.820790229832124,0.699510108,0.0,0.0,4.711966065118412
Spelthorne,21.819157739080794,25.10181227561853,26.514863436041097,15.065405859814524,7.61824937570324,0.396,0.0,0.0,3.4845113137418116
Spen Valley,31.362745609332784,22.21975977525009,28.266266886665008,3.0324504994095998,7.231606116697926,2.442,0.0,0.0,5.445171112644599
St Albans,8.725169679864075,24.439688159522376,11.062225578076635,41.88708065464355,11.429823098550392,0.264,0.0,0.0,2.1920128293429726
St Austell and Newquay,27.452573268935453,19.55124961933849,32.3032998620456,8.191113491374558,6.674981586199295,0.076748034,0.0,0.0,5.7500341381066065
St Helens North,36.28495813021092,9.543882106967324,32.90634528729873,4.662196623637317,9.967288361727416,0.46199999999999997,0.0,0.0,6.073329490158307
St Helens South and Whiston,39.12510375292248,3.443396584262703,34.592444122125144,5.0436525330229856,8.97488365461207,3.668370215054621,0.0,0.0,5.052149138
St Ives,5.110076380323069,19.498004434277554,24.222268001465608,35.509305542780915,10.954818556385163,0.25138708476769306,0.0,0.0,4.454140000000001
St Neots and Mid Cambridgeshire,14.87145636877661,20.393725918496223,23.56011697690363,28.014973479588065,8.044918186373895,1.8948158882303008,0.0,0.0,3.2199931816312786
Stafford,30.630055819023866,25.04755120907916,27.834657381035527,3.2111897301410215,7.905120531035833,0.5940000000000001,0.0,0.0,4.777425329684595
Staffordshire Moorlands,24.152934848381314,27.705318917832916,32.88242593595678,2.899429560052813,6.4750872960845,0.0,0.0,0.0,5.88480344169167
Stalybridge and Hyde,34.26408844594154,14.560459921402012,29.693360702942854,2.8413658967809456,9.508114055668539,3.8411586179999997,0.0,0.0,5.291452359264113
Stevenage,31.589185839498757,22.515521654574048,26.119549683989035,6.773672678565597,8.340276285704956,0.198,0.0,0.0,4.2637938576676
Stockport,37.60287067903179,9.80446844364838,24.98593719329525,7.608977104101786,13.099995615950538,2.7720000000000002,0.0,0.0,4.12575096397225
Stockton North,34.677076142250016,15.595903836720783,33.478516440455934,2.6894901421329065,7.349533462557805,0.0,0.0,0.0,6.209479975882549
Stockton West,28.600012584153372,33.7706301111296,26.2467492466076,2.235719694226898,4.385749578307945,0.7260000000000001,0.0,0.0,4.0351387855745715
Stoke-on-Trent Central,34.47328735845889,13.454728022382737,30.226402549874898,2.6766175806803663,7.798854602638208,5.346,0.0,0.0,5.924109885964897
Stoke-on-Trent North,32.174615585823,18.546554014248475,33.73063474308694,2.2708800737174855,4.817956161222438,2.0460000000000003,0.0,0.0,6.41335942190166
Stoke-on-Trent South,27.435417940941765,25.50974752203683,31.22968781000104,3.2642191417145874,4.311435733674269,2.3760000000000003,0.0,0.0,5.773491851631516
"Stone, Great Wyrley and Penkridge",28.37628980871473,23.122099403275445,28.58226945836707,5.686091148052297,7.08533513285903,3.716923333977062,0.0,0.0,3.430991714754371
Stourbridge,29.855404177450794,24.689531081983972,29.111297125083965,3.482808852755463,5.933772652959698,1.7820000000000003,0.0,0.0,5.145186109766101
Stratford and Bow,45.5583250492055,8.98795788830448,3.8653054176962134,5.194299323898348,20.71812098559167,14.652000000000001,0.0,0.0,1.0239913353037864
Stratford-on-Avon,6.83832690123977,27.603946443236588,22.678161118694177,32.98050176213809,5.685920491957783,0.34359817800000003,0.0,0.0,3.8695451047335943
Streatham and Croydon North,43.81094262367395,14.130390543506794,6.321617113838332,11.058294858402794,21.444130763702233,1.98,0.0,0.0,1.2546240968758888
Stretford and Urmston,39.265941101553004,14.319857443414522,19.016578588750786,5.270658579083806,11.96660849447269,6.864000000000001,0.0,0.0,3.2963557927251825
Stroud,32.71529396464495,18.56678631637771,27.106806434713288,5.084383851089979,11.911758691923094,0.4778776520000031,0.0,0.0,4.137093089250981
Suffolk Coastal,23.862647289188917,22.912345331858415,26.799706020258565,11.028940566995738,10.688903092193181,0.0,0.0,0.0,4.707457699505186
Sunderland Central,31.656206845318128,14.204138798857977,31.5634887850453,7.304849184363101,9.447758694980962,0.0,0.0,0.0,5.823557691434534
Surrey Heath,6.172350983779602,26.319839211200545,24.532439132127333,33.32151095109029,6.424657404258969,0.132,0.0,0.0,3.097202317543264
Sussex Weald,14.10949441354517,23.953513481195678,30.92047533792349,15.663108723390437,9.519955977424692,1.666908768,0.0,0.0,4.166543298520532
Sutton Coldfield,26.27805126715166,33.94765811472772,23.748005524096417,4.832695389853995,7.041912623766392,0.9239999999999999,0.0,0.0,3.227677080403802
Sutton and Cheam,15.432171374315976,28.0981342942951,18.432195213467523,27.696588728462398,7.551542561377094,0.46199999999999997,0.0,0.0,2.327367828081905
Swindon North,30.90038509263662,24.516261651325294,28.07800800083082,4.057677335247103,7.169967734895783,0.5940000000000001,0.0,0.0,4.68370018506439
Swindon South,36.699655188816685,19.661094443033743,25.689372170359462,3.783367916858889,9.416978637477007,0.7260000000000001,0.0,0.0,4.02353164345421
Tamworth,26.79844766860883,25.774116068425123,33.080094132895795,2.8436968840673043,4.969115014507687,0.42872511,0.0,0.0,6.105805121495262
Tatton,26.72765739140236,34.67521919289388,20.314197139633244,7.299977595441627,7.859890032870612,0.0,0.0,0.0,3.123058647758283
Taunton and Wellington,6.358624722583899,17.71345038577575,28.187434741216563,34.66516405204115,8.219673833784675,0.198,0.0,0.0,4.657652264597969
Telford,34.101225712592864,17.167759432349975,31.57623601917698,3.5376311801533205,7.4840978533594145,0.0,0.0,0.0,6.033049802367447
Tewkesbury,7.928664027380323,18.264304519696786,28.75126191754896,31.535062379966348,9.264108149371285,0.264,0.0,0.0,3.9925990060363015
The Wrekin,24.15635285278901,27.794095457761998,26.754500605123773,7.769003443180125,7.9764055090882,0.7260000000000001,0.0,0.0,4.823642132056895
Thirsk and Malton,19.635129297832457,28.88317821558078,29.57462457072021,8.600814385213456,7.617933529414681,0.5435334173657637,0.0,0.0,5.144786583872654
Thornbury and Yate,8.024161134470233,22.268293579902533,29.43218062669412,29.090727866530326,6.908367306925383,0.0,0.0,0.0,4.276269485477407
Thurrock,34.987448083059554,19.02378467917333,29.2266870793581,3.5652762422580646,7.2128419876129035,1.98,0.0,0.0,3.9039619285380565
Tipton and Wednesbury,30.89630322985141,22.451165965201874,28.211669121691255,2.413077548274272,7.064524077238835,3.3000000000000003,0.0,0.0,5.6632600577423515
Tiverton and Minehead,7.6744120308812915,22.981520169503202,28.20400244859404,28.160639712944224,8.023164444034405,0.0,0.0,0.0,4.956261194042834
Tonbridge,15.096055385725977,34.227237658688324,22.357336101277678,6.774679737437064,16.545777489899283,1.205696144,0.0,0.0,3.7932174829716496
Tooting,46.694417954602244,17.51253538724334,9.781113711778712,8.13565649285187,14.824609148151433,1.7160000000000002,0.0,0.0,1.3356673053724055
Torbay,6.664729604012792,13.852854475790076,37.03168692819947,29.192336456582154,7.4562569901777,0.33,0.0,0.0,5.472135545237819
Torridge and Tavistock,17.126949387453397,19.50711750184273,33.23306816070174,18.08701192541683,6.7290100605899195,0.11201559600000001,0.0,0.0,5.20482736799538
Tottenham,49.05350938991365,8.798529234450417,5.140364904247436,6.373433928574574,23.673553356535443,5.94,0.0,0.0,1.02060918627846
Truro and Falmouth,31.06758566016332,18.681427898343884,25.19774202401407,10.345040002298422,10.368351677278786,0.326223018,0.0,0.0,3.9136297199015146
Tunbridge Wells,10.35505256173364,23.24206988541661,21.945140009565485,32.35789249552019,8.107331243641115,0.7260000000000001,0.0,0.0,3.266513804122949
Twickenham,10.95189190017995,20.976263345915445,11.736221967111923,41.723187194570585,12.44868900713034,0.396,0.0,0.0,1.7677465850917584
Tynemouth,37.29081065825221,14.92117256742927,27.692305471407767,5.153155438988743,9.24472845033264,1.3974338027101674,0.0,0.0,4.300393610879192
Uxbridge and South Ruislip,29.86435749018239,34.479489970060925,16.381256972924632,4.092029789570506,12.286170517791447,0.8580000000000001,0.0,0.0,2.0386952594701055
Vauxhall and Camberwell Green,49.80261620809101,8.777929800243541,5.205858895412036,11.821106842397336,22.726276949511657,0.33,0.0,0.0,1.33621130434442
Wakefield and Rothwell,34.37945087055736,14.263101690293517,29.290033793985078,6.558910163413757,7.830807372484755,2.442,0.0,0.0,5.235696109265529
Wallasey,40.940281687389295,5.600653176926977,32.462426980705146,4.462112717050836,10.847955947927755,0.580300192,0.0,0.0,5.006269298
Walsall and Bloxwich,33.58558540604252,17.428163574772498,20.28934949604434,2.6099878500203233,8.460780560032518,13.464,0.0,0.0,4.1621331130877985
Walthamstow,49.33213003662841,8.552006919549424,7.2270799805875505,5.417096170215347,23.120339338295608,5.148,0.0,0.0,1.2033475547236536
Warrington North,32.867995855593655,15.9921337252452,29.905764277634596,5.915080368255915,8.612113529029493,0.93832068,0.0,0.0,5.668591564241127
Warrington South,33.560206595066084,19.61319622031223,26.58802224869045,6.5236293617512,8.649620912711793,0.7260000000000001,0.0,0.0,4.33932466146824
Warwick and Leamington,35.67758466169834,20.901926487037215,18.631501997517546,7.183942765810297,14.450342390795377,0.198,0.0,0.0,2.9567016971412294
Washington and Gateshead South,33.91805716139123,10.915952551398767,35.50356687393007,3.9124424333991237,8.343568803767825,0.43691505,0.0,0.0,6.969497126112992
Watford,30.3332191818875,27.288898889916524,13.331576485243964,13.966516823896228,8.560426918233965,4.224,0.0,0.0,2.2953617008218123
Waveney Valley,7.6152625518336645,20.142736183465665,22.482109033883344,2.198111189166794,42.46080444266688,0.132,0.0,0.0,4.968976598983664
Weald of Kent,17.605742354986674,39.841425558,21.62696998319952,6.264466928841029,10.287418746145647,0.0,0.0,0.0,4.273976428827132
Wellingborough and Rushden,30.738771405087213,22.56485204003262,29.135807247776913,3.2967145039973778,8.353000247367364,0.396,0.0,0.0,5.414854555738506
Wells and Mendip Hills,9.2737639205691,22.97460241735296,20.94616703992608,34.377948775221455,7.764126967754201,0.4594808796279143,0.0,0.0,4.1039099995482875
Welwyn Hatfield,31.754112870376748,32.09739387412702,18.888126888865706,5.650441182477964,8.520779763683738,0.0,0.0,0.0,3.0891454204688182
West Bromwich,39.60151728384106,20.21984303179107,19.860943304423504,4.230811266390992,9.006054598280981,3.3000000000000003,0.0,0.0,3.7808305152723922
West Dorset,6.6692174957037915,19.513296374998866,24.55745534103854,36.81750651168522,8.966897048873292,0.35049366000000004,0.0,0.0,3.02513356770029
West Ham and Beckton,45.93846205370948,10.977479521442609,7.243532918930631,5.440590273441887,15.089306770166978,14.190000000000001,0.0,0.0,1.0206284623084156
West Lancashire,32.73260086962522,17.13121668866786,27.308481036852182,4.478382016684677,13.489548177287592,0.0,0.0,0.0,4.859771210882467
West Suffolk,22.55141752589511,26.96476121507162,28.71982296888084,7.651797460816718,8.150075937306749,0.8356976100000001,0.0,0.0,5.126427282028966
West Worcestershire,12.357578532322876,25.936597066123667,27.360893337189946,18.72739995659024,11.135982330544381,0.41825216,0.0,0.0,4.06329661722889
Westmorland and Lonsdale,4.094847120000001,20.68922574826503,23.030929814126207,38.53940925371147,10.455769983897296,0.21445408,0.0,0.0,2.975364
Weston-super-Mare,29.1015528016839,15.624776063387083,34.60402902424872,7.223832407028017,8.161731851244827,0.0,0.0,0.0,5.284077852407452
Wetherby and Easingwold,21.912387300086884,37.76312857087115,19.807263194222113,5.703288688637572,10.110563718931065,0.9545214559999999,0.0,0.0,3.64884707125121
Whitehaven and Workington,33.90749980319447,13.094319510390928,35.96427982754939,3.0911087500856493,7.500537067638719,0.0,0.0,0.0,6.442255041140842
Widnes and Halewood,39.87804238184915,6.885369008791861,33.455228082167466,4.488912294208548,9.37123049571391,0.4367161520000001,0.0,0.0,5.48450158526907
Wigan,40.36904808816807,7.224032042603698,33.065392364180525,3.8462254842873915,5.946301027570024,3.334329792697909,0.0,0.0,6.114671200492387
Wimbledon,18.479,29.043603680444004,6.296012331266246,33.52490647031908,10.560455445554505,0.7260000000000001,0.0,0.0,1.3700220724161614
Winchester,4.92666479188706,26.501349521854596,17.440030895354724,38.2070546580546,9.71494559789437,0.500195652,0.0,0.0,2.7097588829546515
Windsor,20.629932116066577,32.27658496132895,16.332451354149494,17.058376650454406,8.023802640727046,3.3000000000000003,0.0,0.0,2.3788522772735328
Wirral West,34.29331930522921,18.07284253119468,29.1001299521825,4.931428683427901,9.92147347848464,0.0,0.0,0.0,3.6808060494810655
Witham,21.39738523587064,33.31983593825582,25.38634455454683,5.5275508332909,8.524910884279064,1.0800725190681257,0.0,0.0,4.763900034688629
Witney,8.773402577554462,25.080332193669967,24.34103746946866,30.724026480619163,6.764184918574379,0.49470986400000005,0.0,0.0,3.822306496113368
Woking,8.057890698209583,28.356719396639257,15.190573710051254,37.02834287029261,8.47078306407054,0.198,0.0,0.0,2.5976902607367562
Wokingham,6.113188600224357,28.450456923697786,19.456214025751905,36.25086874950148,7.306263181987823,0.0,0.0,0.0,2.4230085188366424
Wolverhampton North East,33.93309586172083,19.640757122654346,30.665200607995857,3.369453541971807,7.021125667154891,0.0,0.0,0.0,5.370367198502267
Wolverhampton South East,40.409923099481986,16.650166307722824,23.63408396902956,3.040165751702651,9.357480569301702,1.7820000000000003,0.0,0.0,5.026180302761278
Wolverhampton West,38.39544859441014,24.406497115308028,16.303169057060327,4.063029711027872,9.423647537644595,4.29,0.0,0.0,3.1182079845490414
Worcester,30.856327145144284,16.113318541292873,28.549129038021896,7.12335933835612,12.376174941369793,0.5940000000000001,0.0,0.0,4.3876909958150545
Worsley and Eccles,35.357125422770416,16.46981972056861,26.578454054007675,4.1920680577223415,10.703072173736198,1.7820000000000003,0.0,0.0,4.917460571194767
Worthing West,30.692083435605827,19.994944702943922,31.912602164162138,4.510847044618954,8.188555271390326,0.46199999999999997,0.0,0.0,4.1389673812788335
Wycombe,33.05798317144235,24.556622197649215,14.268491573127775,8.049279042008354,8.607183267903778,8.844000000000001,0.0,0.0,2.6164407478685194
Wyre Forest,25.664426598947507,20.709341923224493,34.559213520553456,5.034329939280085,6.903110216159734,1.3528485765579905,0.0,0.0,5.776729225276734
Wythenshawe and Sale East,39.63204551584421,12.13631033284669,24.42765153469502,5.1639853220737235,12.732489567060554,1.7820000000000003,0.0,0.0,4.125517727479787
Yeovil,6.046998041625086,17.394427608394455,26.927960119379108,34.67433937227809,9.318664870521559,0.359974824,0.0,0.0,5.1776351638017015
York Central,36.16056135516277,6.8230293140655345,22.257591752553196,6.103981761147659,24.422263899344696,0.66,0.0,0.0,3.4725719177261505
York Outer,30.51131339888057,22.440081109141524,24.672541307008984,9.127327862153107,8.889434609169973,0.49880272200000003,0.0,0.0,3.8604989916458328
Aberdeen North,15.926693150671433,8.353866889072822,17.32262416337244,6.708290745072822,10.58132566459108,1.5,36.41412298217749,0.0,3.193076405041913
Aberdeen South,16.846585411755704,19.639662197832088,11.506705691145585,6.513176677188607,13.219939454621345,0.7,29.365011487563912,0.0,2.2089190798927536
Aberdeenshire North and Moray East,5.2104975315503115,21.94247646207481,23.16416388009978,7.509963595252416,5.366341307985261,0.0,32.04197603417448,0.0,4.764581188862933
Airdrie and Shotts,24.52377949546893,6.623956075372956,21.555025723247837,3.703675915327402,7.389609522270157,1.45,29.856927643829653,0.0,4.897025624483064
Alloa and Grangemouth,19.069038019696272,5.123722374167556,22.610434102967666,4.022811516676185,9.332171532299618,2.1,32.995768030857676,0.0,4.646054423335022
Angus and Perthshire Glens,8.044693811306125,18.87057613216355,17.620660470449707,6.954290696733699,4.827853162639824,0.75,39.63797329927874,0.0,3.293952427428359
Arbroath and Broughty Ferry,15.128251585894306,8.078490731227246,20.091468642754748,5.948176713227245,5.658966586425615,1.05,40.464255424992864,0.0,3.5803903154779695
"Argyll, Bute and South Lochaber",9.70332756614614,10.78895236990184,17.451282539989577,16.80804920247711,4.899181343278802,1.05,36.10269083944398,0.0,3.0965161387625453
"Ayr, Carrick and Cumnock",16.14430406312967,11.736544148543635,22.506547322914763,3.555294824649048,7.774011049702282,0.6,33.97350681170969,0.0,3.709791779350901
Bathgate and Linlithgow,22.196850239441247,6.820078608000342,20.059668996949572,6.640132231050337,9.43218651226139,0.75,30.018060910701003,0.0,4.08302250159612
"Berwickshire, Roxburgh and Selkirk",7.909248081342304,29.09324093237062,17.4158258423576,8.1173720916091,8.332058428714731,0.21999999999999942,25.534899430399236,0.0,3.3773551932064136
"Caithness, Sutherland and Easter Ross",4.5038317112245645,2.017872069910398,18.06352833199186,46.63982109718639,8.21777581482561,0.0,16.73575469530428,0.0,3.8214162795568996
Central Ayrshire,19.65873450026047,8.779438848435086,21.812751429718393,3.6321475388471085,7.856870240531695,0.6,33.691282163009454,0.0,3.9687752791977937
Coatbridge and Bellshill,23.912601715936766,6.074030573574465,20.671228223347025,3.3455285390798872,10.72202582837262,0.8,29.559312691757007,0.0,4.91527242793223
Cowdenbeath and Kirkcaldy,20.606459778895164,5.473224392024701,20.766208987399132,5.15444323032111,9.64310467802137,1.55,32.69256558617027,0.0,4.113993347168259
Cumbernauld and Kirkintilloch,20.737562604838132,4.691759507974366,19.674205851530157,4.524099470389633,10.81605651869823,0.0,35.42064716360871,0.0,4.1356688829607675
Dumfries and Galloway,12.276006632256966,18.549285881608846,21.42347819157305,5.206145856176319,7.536549377492157,0.25,30.935724065131417,0.0,3.822809995761247
"Dumfriesshire, Clydesdale and Tweeddale",11.098511342268038,23.19533340883796,20.112983918618017,6.834255267638924,7.861670318804528,0.25,27.017425434032383,0.0,3.6298203098001607
Dundee Central,19.871102455399615,3.1868812350195403,16.223507862776827,6.98796811301954,12.229613781474397,2.3258610306283543,35.88362381034996,0.0,3.291441711331765
Dunfermline and Dollar,21.566464150480932,6.300209431807292,18.430662807349957,8.432525392770156,10.742699592255924,0.75,30.10168752295877,0.0,3.675751102376976
East Kilbride and Strathaven,22.55781874005502,6.480102942877747,19.144770780259172,3.735310967102562,10.251377807036492,0.65,33.54139600881656,0.0,3.639222753852434
East Renfrewshire,20.81762167559118,14.226479020037246,13.66631274342791,3.6382728646978224,10.418081355183078,1.35,33.983058597311654,0.0,1.9001737437511128
Edinburgh East and Musselburgh,21.839718490618665,4.6934953028327815,12.138654611051725,5.113679134832781,23.201034359228977,0.4,30.5619453477708,0.0,2.051472753664279
Edinburgh North and Leith,24.780032290068092,5.132294409507213,10.46637911669331,8.451217149507212,18.867243687259407,0.75,29.69781612964945,0.0,1.8550172173153148
Edinburgh South,28.29297235345663,8.784348239421877,10.9411539575259,7.33543289438215,18.77843787775993,1.35,23.08232066645351,0.0,1.335334011
Edinburgh South West,23.023047693961196,9.055157961447586,11.677506525947798,7.415430646230288,19.46405785950709,0.5,27.016845345695252,0.0,1.8479539672107907
Edinburgh West,9.383192807395021,4.439318673019876,10.651822425338102,48.44427507429429,9.9529541268702,0.0,15.558743566854192,0.0,1.5696933262283226
Falkirk,18.84725680086586,5.406241102194325,21.144721781184963,3.783473417063446,10.222067112904217,1.4,34.9874413770658,0.0,4.208798408721387
Glasgow East,23.769341025537088,5.305039828995044,15.235973771861403,3.5235406112249286,17.68992794291261,0.65,30.5281688535369,0.0,3.298007965932027
Glasgow North,24.986227075793124,5.939209437290402,7.039831607190868,4.16886464136738,30.250584515980755,0.8,25.836498084377478,0.0,0.9787846379999999
Glasgow North East,23.72402565879929,3.8475675910681995,16.508785976178878,2.7510196029709135,17.614894165494526,1.35,30.703308899942858,0.0,3.5003981055453375
Glasgow South,21.482276798460706,3.2373959025111527,14.108627116378958,4.003662015695829,19.975534036655173,1.1,33.19290396964386,0.0,2.8996001606543302
Glasgow South West,22.660154278368786,4.642971175812734,14.175240864206827,3.790990745720953,18.15464985204019,0.75,33.01494457777756,0.0,2.811048506072942
Glasgow West,24.55968963266672,4.154655207284005,14.108129240870786,4.292534932016764,19.18244015121323,0.4,30.626497125788873,0.0,2.6760537101596227
Glenrothes and Mid Fife,19.70735894573373,4.629735063181422,24.105362272581417,5.68082669455677,6.418208287503996,0.0,34.001014935148724,0.0,5.457493801293941
Gordon and Buchan,6.048565476405672,24.262605310768617,16.496896602736506,16.783763501726416,5.045627178725938,0.0,28.089015564477226,0.0,3.2735263651596322
Hamilton and Clyde Valley,23.423616196901097,8.469921620817438,20.921775107002134,5.119548235507215,6.625158908838968,0.15,31.17301874372891,0.0,4.016961187204236
Inverclyde and Renfrewshire West,21.26907248776834,5.581546848567516,20.324331029179458,4.44303143811004,8.763560173606091,1.35,33.97497626564856,0.0,4.193481757119994
"Inverness, Skye and West Ross-shire",7.4469204002122815,2.809768996179589,14.664034107980932,36.8779306718106,9.95666097710982,0.0,24.877634017129395,0.0,3.267050829577378
Kilmarnock and Loudoun,19.462880376770876,5.208048687832338,22.20415448491834,3.2236370125693643,8.696844525487146,0.45,36.33285382545568,0.0,4.421581086966246
Livingston,18.620292557508026,5.401468808126084,20.010888662461095,5.606747162132436,10.424393482118097,0.6,35.3274397715352,0.0,4.008769556119063
Lothian East,22.82479131878717,8.459024555680616,18.77271815358656,7.014286779281305,11.404215237509225,0.6,27.622419445224267,0.0,3.302544509930863
Mid Dunbartonshire,10.014978307654648,3.1654180728057577,11.38678260227148,42.13294996070073,8.377920480130687,0.0,23.121105765695376,0.0,1.8008448107413213
Midlothian,22.491012467829904,6.724384187836854,19.530001061984343,7.390185269820258,6.205347177548443,0.3,33.538288318811894,0.0,3.820781516168311
"Moray West, Nairn and Strathspey",9.284067561545061,18.59898043007957,18.75945602797715,8.45677554427719,8.967216308498585,0.45,31.923871608589508,0.0,3.4596325190329367
"Motherwell, Wishaw and Carluke",22.239746098215722,5.387932955171724,21.272907391781484,3.528725832711872,9.998863368982278,0.45,32.76741183938732,0.0,4.354412513749605
Na h-Eileanan an Iar,21.777702308144228,5.1350965499775425,25.937842467794212,4.342979172288176,4.556126820465945,4.669829526648474,29.960441221845333,0.0,3.6199819328360916
North Ayrshire and Arran,17.330962045951424,7.595480923466969,21.97561916411376,3.4616369234669686,8.82752995899756,0.55,36.134383106931736,0.0,4.124387877071584
North East Fife,6.5469169776524065,2.3762699947571413,11.053665906332832,51.7312900737135,14.64566830789691,0.0,11.46832529370034,0.0,2.1778634459468673
Orkney and Shetland,4.313910031676278,1.4406294610968577,15.482772812563306,51.48157229453577,14.604631443435046,0.0,9.400990759408524,0.0,3.275493197284221
Paisley and Renfrewshire North,23.150120291780336,6.384824910495057,18.505677954604657,4.672276908823796,10.075136582530131,0.0,33.41109939177756,0.0,3.800863959988461
Paisley and Renfrewshire South,22.147945674897333,4.760499877631674,19.954187277385774,4.498652974738604,11.031749371374644,0.5,32.958817594932945,0.0,4.148147229039026
Perth and Kinross-shire,9.906336845076687,20.278853364600984,15.630704565175364,7.72880462109195,5.475536440043654,0.7,37.491438954596205,0.0,2.788325209415161
Rutherglen,24.2302255146396,6.688458994211619,18.546895732344403,5.581684050551615,6.783496721969484,1.8,32.51723356349239,0.0,3.8520054227908895
Stirling and Strathallan,16.048824379041683,12.151770751062825,16.23089058153283,5.91008602104573,13.171860540616223,0.0,33.95018184837023,0.0,2.536385878330484
West Aberdeenshire and Kincardine,7.561805531584525,28.140641024974958,14.111849305162563,13.213526424518205,6.985796107641233,0.10000000000000098,27.187567372861306,0.0,2.698814233257208
West Dunbartonshire,22.026853730923655,4.314165739575643,21.655242726493736,3.5377136090187036,10.129286371777265,0.5,33.01583629291754,0.0,4.820901529293453
Aberafan Maesteg,25.630882707170237,8.579662812709966,24.717065145541078,2.21,5.300267249417672,0.8800000000000001,0.0,26.542249856843846,6.1398722283172
Alyn and Deeside,18.3268211056608,18.11172246311483,24.084626535712488,4.08,8.605425939607557,1.4400000000000002,0.0,19.018126419019154,6.333277536885171
Bangor Aberconwy,15.550557071151061,20.03263035369477,16.10042662280578,3.145,6.255868218812909,0.52,0.0,32.62314808723025,4.54493778927103
Blaenau Gwent and Rhymney,17.573556732354803,11.98302553,25.27770229137836,3.57,7.828531851582091,3.8084723318787566,0.0,27.18802636882026,2.6706848939857255
"Brecon, Radnor and Cwm Tawe",9.711456295881066,14.050119759176553,15.354398308262443,24.52317590474962,5.795365712298075,0.26,0.0,11.761076064559944,4.737721982769743
Bridgend,18.026574157008675,16.054700354540834,23.62897608384599,2.975,6.8992607538036825,3.24,0.0,23.630189005341652,5.545299645459169
Caerfyrddin,11.16904952983148,18.79747075560462,15.14165060450238,2.72,5.151674026079494,0.44000000000000006,0.0,41.697625839586635,4.882529244395378
Caerphilly,17.01843355608392,11.198083123536016,21.192728285034963,3.995,6.465326651888118,0.0,0.0,34.048511506993,6.0819168764639855
Cardiff East,17.93046411703434,8.112708393670712,12.461190872311132,14.62,20.41648305354148,0.1682774982407949,0.0,18.64858445887225,3.6050882770745236
Cardiff North,19.656139549373677,19.435838904653654,14.939450743182778,5.695,12.287850651540865,0.0,0.0,22.966559055902678,3.3775097285505615
Cardiff South and Penarth,18.71251584799551,11.809045234408462,9.808592817756281,6.29,30.68703443059375,0.0,0.0,16.616856903654458,3.0071738826579564
Cardiff West,17.535192882576446,15.306016818513593,15.000609150973137,3.655,11.4676852567655,1.2000000000000002,0.0,32.04651270968492,3.788983181486408
Ceredigion Preseli,5.976730082584632,11.548296976837548,9.71677560810547,12.75,6.28008374249674,0.2,0.0,49.526410566813155,3.9017030231624528
Clwyd East,17.470256426470947,27.732712062659132,18.344813165965927,3.315,5.991745454832674,0.52,0.0,20.898184952730453,5.031694945744804
Clwyd North,16.26195059998492,21.46961647825828,17.599506210602854,3.4,6.313648421188375,0.0,0.0,18.824894768223842,5.438180424317137
Dwyfor Meirionnydd,7.105197933672112,11.0528,11.441553769151307,2.8899999999999997,5.60548143403509,0.27999999999999997,0.0,57.3677668631415,4.1572
Gower,20.18868533519647,19.44844775657855,20.20894936576753,4.675,7.935636998307911,0.24,0.0,22.343036562284727,4.9602439818648065
Llanelli,14.2009743393043,10.668385317407036,25.980032992323043,2.635,4.86294684570177,0.6000000000000001,0.0,33.85604582267088,7.196614682592963
Merthyr Tydfil and Aberdare,20.976090109473446,7.6048605051488165,26.17591210098218,3.06,5.901795932109253,1.2800000000000002,0.0,28.2358138622863,6.66552749
Mid and South Pembrokeshire,15.830804948438796,22.418841215170097,18.26164921787833,4.335,6.626888282771235,0.6000000000000001,0.0,18.08065755091164,5.489910474574577
Monmouthshire,17.996873433961127,32.42127907564068,14.16227576817871,3.8249999999999997,9.497628655470319,0.6400000000000001,0.0,15.728222142389846,3.874001974461379
Montgomeryshire and Glyndwr,13.488418440952918,13.836069522563577,19.653747718774817,12.75,6.341295341973904,0.0,0.0,22.466538498298355,6.045554274261018
Neath and Swansea East,20.194719971189016,10.080847997878358,24.886464368725086,4.93,6.826025789865206,0.0,0.0,26.174903327399925,6.807038544942408
Newport East,19.05023913156188,15.506701850754158,22.48902180606414,4.505,11.135818348576727,2.0,0.0,19.35534653379725,5.4520901549442815
Newport West and Islwyn,18.734619668706415,16.070329460676394,23.14620328309175,4.25,7.572783599463296,1.52,0.0,22.926393448738544,5.779670539323606
Pontypridd,18.634706051611055,9.366700532864893,23.999806505071497,3.4849999999999994,7.427033964051475,2.84,0.0,28.423453479265973,5.823299467135106
Rhondda and Ogmore,24.017938332011692,6.119025138501689,26.948239478622646,2.21,5.652345144411012,0.0,0.0,27.974842396452956,7.07760951
Swansea West,18.012007016203484,7.342336681165983,18.24625732730846,10.208699123335041,14.27866381048183,0.18000000000000002,0.0,23.353275352666067,4.965362734573429
Torfaen,18.661461817135525,15.72997781001376,24.247066177364385,3.9099999999999997,7.592702859043181,1.16,0.0,22.138769146456912,6.560022189986241
Vale of Glamorgan,17.480369646437453,26.220508604068797,17.651173967317405,2.975,7.480896559114267,0.76,0.0,19.827559827130873,4.678181749096544
Wrexham,17.833765644690168,22.074440352642256,19.103872742541213,3.74,6.1093716925724895,0.48,0.0,23.19798992019613,5.446150430053045
Ynys Môn,10.89420243509781,28.909238929362765,10.807025440588529,1.105,4.091847901274037,0.24,0.0,39.69192422303962,4.260761070637234
